n_estimators,max_depth,subsample,colsample_bytree,learning_rate,reg_alpha,features,feature combo ningxiang score,Train r2,Val r2,Test r2,Train RMSE,Val RMSE,Test RMSE,Train MAPE,Val MAPE,Test MAPE,Time,random_state,n_jobs
50.0,12.0,0.7,0.7,0.1,0.01,['log_ret_lag_1'],0.053390619345354585,0.025196,-0.012339,-0.015512,0.006017,0.006318,0.006362,95142205141.71127,95086683127.63852,96471763434.87756,0.56,19260817.0,-1.0
50.0,12.0,0.7,0.7,0.1,0.01,"['log_ret_lag_1', 'log_ret_lag_3']",0.10557933615265645,0.042574,-0.024104,-0.024901,0.005963,0.006355,0.006392,113462312420.05557,125076643592.5945,98722324908.68057,0.46,19260817.0,-1.0
50.0,12.0,0.7,0.7,0.1,0.01,"['log_ret_lag_1', 'log_ret_lag_3', 'ret_lag_3']",0.15658960427125648,0.099506,-0.011024,-0.036427,0.005783,0.006314,0.006428,102872584427.04358,114963451628.02834,100153734438.57802,0.49,19260817.0,-1.0
50.0,12.0,0.7,0.7,0.1,0.01,"['log_ret_lag_1', 'log_ret_lag_3', 'ret_lag_3', 'ret_lag_1']",0.20696258489536648,0.099947,-0.015499,-0.042,0.005781,0.006328,0.006445,97325392270.7477,113295654990.16603,98066611973.17413,0.44,19260817.0,-1.0
50.0,12.0,0.7,0.7,0.1,0.01,"['log_ret_lag_1', 'log_ret_lag_3', 'ret_lag_3', 'ret_lag_1', 'log_ret_lag_6']",0.2557425261341888,0.142399,-0.026379,-0.043393,0.005643,0.006362,0.006449,95603782060.5225,93384615690.20766,101989071636.6401,0.61,19260817.0,-1.0
50.0,12.0,0.7,0.7,0.1,0.01,"['log_ret_lag_1', 'log_ret_lag_3', 'ret_lag_3', 'ret_lag_1', 'log_ret_lag_6', 'ret_lag_5']",0.30284719977706,0.169349,-0.018465,-0.04253,0.005554,0.006337,0.006446,83180573813.07278,91881891366.02504,76180549776.2296,0.8,19260817.0,-1.0
50.0,12.0,0.7,0.7,0.1,0.01,"['log_ret_lag_1', 'log_ret_lag_3', 'ret_lag_3', 'ret_lag_1', 'log_ret_lag_6', 'ret_lag_5', 'ret_lag_2']",0.3489791576778146,0.192438,-0.011432,-0.040956,0.005476,0.006315,0.006442,83199002518.82062,106258369371.11993,91088992310.22398,0.81,19260817.0,-1.0
50.0,12.0,0.7,0.7,0.1,0.01,"['log_ret_lag_1', 'log_ret_lag_3', 'ret_lag_3', 'ret_lag_1', 'log_ret_lag_6', 'ret_lag_5', 'ret_lag_2', 'log_ret_lag_2']",0.3948758501507318,0.198685,-0.021954,-0.037564,0.005455,0.006348,0.006431,84518991574.00298,123748961808.8624,79834873496.20152,0.54,19260817.0,-1.0
50.0,12.0,0.7,0.7,0.1,0.01,"['log_ret_lag_1', 'log_ret_lag_3', 'ret_lag_3', 'ret_lag_1', 'log_ret_lag_6', 'ret_lag_5', 'ret_lag_2', 'log_ret_lag_2', 'ret_lag_6']",0.4399517902714915,0.196008,-0.02379,-0.035205,0.005464,0.006354,0.006424,84702249887.69525,101880568249.65306,86238120675.8477,0.82,19260817.0,-1.0
50.0,12.0,0.7,0.7,0.1,0.01,"['log_ret_lag_1', 'log_ret_lag_3', 'ret_lag_3', 'ret_lag_1', 'log_ret_lag_6', 'ret_lag_5', 'ret_lag_2', 'log_ret_lag_2', 'ret_lag_6', 'ret_lag_4']",0.4844042152738133,0.211039,-0.006321,-0.043165,0.005413,0.006299,0.006448,91192757539.72346,104811839956.57552,96069383556.92992,0.48,19260817.0,-1.0
50.0,12.0,0.7,0.7,0.1,0.01,"['log_ret_lag_1', 'log_ret_lag_3', 'ret_lag_3', 'ret_lag_1', 'log_ret_lag_6', 'ret_lag_5', 'ret_lag_2', 'log_ret_lag_2', 'ret_lag_6', 'ret_lag_4', 'log_ret_lag_4']",0.5285217418899613,0.213912,-0.004361,-0.035874,0.005403,0.006293,0.006426,90473824036.94774,97458269114.70958,94787675668.87553,0.55,19260817.0,-1.0
50.0,12.0,0.7,0.7,0.1,0.01,"['log_ret_lag_1', 'log_ret_lag_3', 'ret_lag_3', 'ret_lag_1', 'log_ret_lag_6', 'ret_lag_5', 'ret_lag_2', 'log_ret_lag_2', 'ret_lag_6', 'ret_lag_4', 'log_ret_lag_4', 'log_ret_lag_5']",0.5709687321519586,0.213061,-0.008725,-0.032539,0.005406,0.006307,0.006415,87722214446.14621,94632698743.7017,88127282192.64586,0.45,19260817.0,-1.0
50.0,12.0,0.7,0.7,0.1,0.01,"['log_ret_lag_1', 'log_ret_lag_3', 'ret_lag_3', 'ret_lag_1', 'log_ret_lag_6', 'ret_lag_5', 'ret_lag_2', 'log_ret_lag_2', 'ret_lag_6', 'ret_lag_4', 'log_ret_lag_4', 'log_ret_lag_5', 'closePriceNorm_lag_8']",0.609051065815995,0.229919,-0.002162,-0.045604,0.005348,0.006286,0.006456,112400985205.13069,110788660644.86623,127256856118.07277,0.44,19260817.0,-1.0
50.0,12.0,0.7,0.7,0.1,0.01,"['log_ret_lag_1', 'log_ret_lag_3', 'ret_lag_3', 'ret_lag_1', 'log_ret_lag_6', 'ret_lag_5', 'ret_lag_2', 'log_ret_lag_2', 'ret_lag_6', 'ret_lag_4', 'log_ret_lag_4', 'log_ret_lag_5', 'closePriceNorm_lag_8', 'closePriceNorm_lag_10']",0.6462985471629211,0.241178,0.000854,-0.053516,0.005308,0.006277,0.00648,103013370509.50406,86863842303.85309,120203154858.44139,0.22,19260817.0,-1.0
50.0,12.0,0.7,0.7,0.1,0.01,"['log_ret_lag_1', 'log_ret_lag_3', 'ret_lag_3', 'ret_lag_1', 'log_ret_lag_6', 'ret_lag_5', 'ret_lag_2', 'log_ret_lag_2', 'ret_lag_6', 'ret_lag_4', 'log_ret_lag_4', 'log_ret_lag_5', 'closePriceNorm_lag_8', 'closePriceNorm_lag_10', 'closePriceNorm_lag_7']",0.683340869615461,0.24812,0.009855,-0.047796,0.005284,0.006248,0.006463,108638664532.22377,102650316498.08817,142170335509.62445,0.2,19260817.0,-1.0
50.0,12.0,0.7,0.7,0.1,0.01,"['log_ret_lag_1', 'log_ret_lag_3', 'ret_lag_3', 'ret_lag_1', 'log_ret_lag_6', 'ret_lag_5', 'ret_lag_2', 'log_ret_lag_2', 'ret_lag_6', 'ret_lag_4', 'log_ret_lag_4', 'log_ret_lag_5', 'closePriceNorm_lag_8', 'closePriceNorm_lag_10', 'closePriceNorm_lag_7', 'closePriceNorm_lag_3']",0.7180701130079044,0.246606,-0.011032,-0.039699,0.005289,0.006314,0.006438,97094837912.69717,96081398987.62457,139808254331.06744,0.19,19260817.0,-1.0
50.0,12.0,0.7,0.7,0.1,0.01,"['log_ret_lag_1', 'log_ret_lag_3', 'ret_lag_3', 'ret_lag_1', 'log_ret_lag_6', 'ret_lag_5', 'ret_lag_2', 'log_ret_lag_2', 'ret_lag_6', 'ret_lag_4', 'log_ret_lag_4', 'log_ret_lag_5', 'closePriceNorm_lag_8', 'closePriceNorm_lag_10', 'closePriceNorm_lag_7', 'closePriceNorm_lag_3', 'closePriceNorm_lag_1']",0.7520247171160381,0.249057,-0.002864,-0.053234,0.005281,0.006288,0.006479,103080934181.78503,96152576671.3923,142666773166.94168,0.28,19260817.0,-1.0
50.0,12.0,0.7,0.7,0.1,0.01,"['log_ret_lag_1', 'log_ret_lag_3', 'ret_lag_3', 'ret_lag_1', 'log_ret_lag_6', 'ret_lag_5', 'ret_lag_2', 'log_ret_lag_2', 'ret_lag_6', 'ret_lag_4', 'log_ret_lag_4', 'log_ret_lag_5', 'closePriceNorm_lag_8', 'closePriceNorm_lag_10', 'closePriceNorm_lag_7', 'closePriceNorm_lag_3', 'closePriceNorm_lag_1', 'closePriceNorm_lag_9']",0.7849150267047641,0.252689,-0.005907,-0.053228,0.005268,0.006298,0.006479,104557590057.31471,96398386586.03802,174699778146.93347,0.26,19260817.0,-1.0
50.0,12.0,0.7,0.7,0.1,0.01,"['log_ret_lag_1', 'log_ret_lag_3', 'ret_lag_3', 'ret_lag_1', 'log_ret_lag_6', 'ret_lag_5', 'ret_lag_2', 'log_ret_lag_2', 'ret_lag_6', 'ret_lag_4', 'log_ret_lag_4', 'log_ret_lag_5', 'closePriceNorm_lag_8', 'closePriceNorm_lag_10', 'closePriceNorm_lag_7', 'closePriceNorm_lag_3', 'closePriceNorm_lag_1', 'closePriceNorm_lag_9', 'closePriceNorm_lag_2']",0.8130408505823743,0.251674,-0.013257,-0.057229,0.005272,0.006321,0.006492,106487696478.91235,91677516571.03629,147246183455.83206,0.46,19260817.0,-1.0
50.0,12.0,0.7,0.7,0.1,0.01,"['log_ret_lag_1', 'log_ret_lag_3', 'ret_lag_3', 'ret_lag_1', 'log_ret_lag_6', 'ret_lag_5', 'ret_lag_2', 'log_ret_lag_2', 'ret_lag_6', 'ret_lag_4', 'log_ret_lag_4', 'log_ret_lag_5', 'closePriceNorm_lag_8', 'closePriceNorm_lag_10', 'closePriceNorm_lag_7', 'closePriceNorm_lag_3', 'closePriceNorm_lag_1', 'closePriceNorm_lag_9', 'closePriceNorm_lag_2', 'closePriceNorm_lag_4']",0.8409784893698519,0.251089,-0.013078,-0.046075,0.005274,0.00632,0.006457,103497594164.08301,114326978162.54456,173480570428.97107,0.19,19260817.0,-1.0
50.0,12.0,0.7,0.7,0.1,0.01,"['log_ret_lag_1', 'log_ret_lag_3', 'ret_lag_3', 'ret_lag_1', 'log_ret_lag_6', 'ret_lag_5', 'ret_lag_2', 'log_ret_lag_2', 'ret_lag_6', 'ret_lag_4', 'log_ret_lag_4', 'log_ret_lag_5', 'closePriceNorm_lag_8', 'closePriceNorm_lag_10', 'closePriceNorm_lag_7', 'closePriceNorm_lag_3', 'closePriceNorm_lag_1', 'closePriceNorm_lag_9', 'closePriceNorm_lag_2', 'closePriceNorm_lag_4', 'closePriceNorm_lag_5']",0.8681730772477252,0.248709,-0.010227,-0.048801,0.005282,0.006312,0.006466,109125334899.8349,108263918140.4191,152968191687.1876,0.28,19260817.0,-1.0
50.0,12.0,0.7,0.7,0.1,0.01,"['log_ret_lag_1', 'log_ret_lag_3', 'ret_lag_3', 'ret_lag_1', 'log_ret_lag_6', 'ret_lag_5', 'ret_lag_2', 'log_ret_lag_2', 'ret_lag_6', 'ret_lag_4', 'log_ret_lag_4', 'log_ret_lag_5', 'closePriceNorm_lag_8', 'closePriceNorm_lag_10', 'closePriceNorm_lag_7', 'closePriceNorm_lag_3', 'closePriceNorm_lag_1', 'closePriceNorm_lag_9', 'closePriceNorm_lag_2', 'closePriceNorm_lag_4', 'closePriceNorm_lag_5', 'closePriceNorm_lag_6']",0.8918703187506538,0.257029,-0.002891,-0.050511,0.005253,0.006289,0.006471,104025715193.16446,101926920951.1847,184157038836.50882,0.25,19260817.0,-1.0
50.0,12.0,0.7,0.7,0.1,0.01,"['log_ret_lag_1', 'log_ret_lag_3', 'ret_lag_3', 'ret_lag_1', 'log_ret_lag_6', 'ret_lag_5', 'ret_lag_2', 'log_ret_lag_2', 'ret_lag_6', 'ret_lag_4', 'log_ret_lag_4', 'log_ret_lag_5', 'closePriceNorm_lag_8', 'closePriceNorm_lag_10', 'closePriceNorm_lag_7', 'closePriceNorm_lag_3', 'closePriceNorm_lag_1', 'closePriceNorm_lag_9', 'closePriceNorm_lag_2', 'closePriceNorm_lag_4', 'closePriceNorm_lag_5', 'closePriceNorm_lag_6', 'closePrice_lag_10']",0.9047836864038928,0.258773,-0.007757,-0.044294,0.005247,0.006304,0.006452,101950667861.64236,99412019491.14673,175362243502.77405,0.27,19260817.0,-1.0
50.0,12.0,0.7,0.7,0.1,0.01,"['log_ret_lag_1', 'log_ret_lag_3', 'ret_lag_3', 'ret_lag_1', 'log_ret_lag_6', 'ret_lag_5', 'ret_lag_2', 'log_ret_lag_2', 'ret_lag_6', 'ret_lag_4', 'log_ret_lag_4', 'log_ret_lag_5', 'closePriceNorm_lag_8', 'closePriceNorm_lag_10', 'closePriceNorm_lag_7', 'closePriceNorm_lag_3', 'closePriceNorm_lag_1', 'closePriceNorm_lag_9', 'closePriceNorm_lag_2', 'closePriceNorm_lag_4', 'closePriceNorm_lag_5', 'closePriceNorm_lag_6', 'closePrice_lag_10', 'closePrice_lag_9']",0.9173032234953827,0.261884,-0.010044,-0.046897,0.005236,0.006311,0.00646,104255369373.65672,152798116529.6952,181422552054.9095,0.26,19260817.0,-1.0
50.0,12.0,0.7,0.7,0.1,0.01,"['log_ret_lag_1', 'log_ret_lag_3', 'ret_lag_3', 'ret_lag_1', 'log_ret_lag_6', 'ret_lag_5', 'ret_lag_2', 'log_ret_lag_2', 'ret_lag_6', 'ret_lag_4', 'log_ret_lag_4', 'log_ret_lag_5', 'closePriceNorm_lag_8', 'closePriceNorm_lag_10', 'closePriceNorm_lag_7', 'closePriceNorm_lag_3', 'closePriceNorm_lag_1', 'closePriceNorm_lag_9', 'closePriceNorm_lag_2', 'closePriceNorm_lag_4', 'closePriceNorm_lag_5', 'closePriceNorm_lag_6', 'closePrice_lag_10', 'closePrice_lag_9', 'closePrice_lag_2']",0.9291293698833701,0.25787,-0.001678,-0.055709,0.00525,0.006285,0.006487,105314220799.1413,143598123874.40887,189478044954.93433,0.2,19260817.0,-1.0
50.0,12.0,0.7,0.7,0.1,0.01,"['log_ret_lag_1', 'log_ret_lag_3', 'ret_lag_3', 'ret_lag_1', 'log_ret_lag_6', 'ret_lag_5', 'ret_lag_2', 'log_ret_lag_2', 'ret_lag_6', 'ret_lag_4', 'log_ret_lag_4', 'log_ret_lag_5', 'closePriceNorm_lag_8', 'closePriceNorm_lag_10', 'closePriceNorm_lag_7', 'closePriceNorm_lag_3', 'closePriceNorm_lag_1', 'closePriceNorm_lag_9', 'closePriceNorm_lag_2', 'closePriceNorm_lag_4', 'closePriceNorm_lag_5', 'closePriceNorm_lag_6', 'closePrice_lag_10', 'closePrice_lag_9', 'closePrice_lag_2', 'closePrice_lag_1']",0.9405466277792666,0.257707,-0.009982,-0.042468,0.00525,0.006311,0.006446,104317527039.74922,162434459136.54272,228772815363.51407,0.2,19260817.0,-1.0
50.0,12.0,0.7,0.7,0.1,0.01,"['log_ret_lag_1', 'log_ret_lag_3', 'ret_lag_3', 'ret_lag_1', 'log_ret_lag_6', 'ret_lag_5', 'ret_lag_2', 'log_ret_lag_2', 'ret_lag_6', 'ret_lag_4', 'log_ret_lag_4', 'log_ret_lag_5', 'closePriceNorm_lag_8', 'closePriceNorm_lag_10', 'closePriceNorm_lag_7', 'closePriceNorm_lag_3', 'closePriceNorm_lag_1', 'closePriceNorm_lag_9', 'closePriceNorm_lag_2', 'closePriceNorm_lag_4', 'closePriceNorm_lag_5', 'closePriceNorm_lag_6', 'closePrice_lag_10', 'closePrice_lag_9', 'closePrice_lag_2', 'closePrice_lag_1', 'closePrice_lag_7']",0.9510640512135677,0.260254,-0.003841,-0.050894,0.005241,0.006292,0.006472,97942847288.44827,147076991485.4664,193374736735.4664,0.21,19260817.0,-1.0
50.0,12.0,0.7,0.7,0.1,0.01,"['log_ret_lag_1', 'log_ret_lag_3', 'ret_lag_3', 'ret_lag_1', 'log_ret_lag_6', 'ret_lag_5', 'ret_lag_2', 'log_ret_lag_2', 'ret_lag_6', 'ret_lag_4', 'log_ret_lag_4', 'log_ret_lag_5', 'closePriceNorm_lag_8', 'closePriceNorm_lag_10', 'closePriceNorm_lag_7', 'closePriceNorm_lag_3', 'closePriceNorm_lag_1', 'closePriceNorm_lag_9', 'closePriceNorm_lag_2', 'closePriceNorm_lag_4', 'closePriceNorm_lag_5', 'closePriceNorm_lag_6', 'closePrice_lag_10', 'closePrice_lag_9', 'closePrice_lag_2', 'closePrice_lag_1', 'closePrice_lag_7', 'closePrice_lag_8']",0.9615207456582039,0.26544,-0.014098,-0.040834,0.005223,0.006324,0.006441,104525766748.6679,119659245786.78894,193035678038.52124,0.21,19260817.0,-1.0
50.0,12.0,0.7,0.7,0.1,0.01,"['log_ret_lag_1', 'log_ret_lag_3', 'ret_lag_3', 'ret_lag_1', 'log_ret_lag_6', 'ret_lag_5', 'ret_lag_2', 'log_ret_lag_2', 'ret_lag_6', 'ret_lag_4', 'log_ret_lag_4', 'log_ret_lag_5', 'closePriceNorm_lag_8', 'closePriceNorm_lag_10', 'closePriceNorm_lag_7', 'closePriceNorm_lag_3', 'closePriceNorm_lag_1', 'closePriceNorm_lag_9', 'closePriceNorm_lag_2', 'closePriceNorm_lag_4', 'closePriceNorm_lag_5', 'closePriceNorm_lag_6', 'closePrice_lag_10', 'closePrice_lag_9', 'closePrice_lag_2', 'closePrice_lag_1', 'closePrice_lag_7', 'closePrice_lag_8', 'closePrice_lag_4']",0.9715492715491866,0.256111,-0.01223,-0.055665,0.005256,0.006318,0.006487,101527100796.04427,161554702565.94293,236744870662.0246,0.21,19260817.0,-1.0
50.0,12.0,0.7,0.7,0.1,0.01,"['log_ret_lag_1', 'log_ret_lag_3', 'ret_lag_3', 'ret_lag_1', 'log_ret_lag_6', 'ret_lag_5', 'ret_lag_2', 'log_ret_lag_2', 'ret_lag_6', 'ret_lag_4', 'log_ret_lag_4', 'log_ret_lag_5', 'closePriceNorm_lag_8', 'closePriceNorm_lag_10', 'closePriceNorm_lag_7', 'closePriceNorm_lag_3', 'closePriceNorm_lag_1', 'closePriceNorm_lag_9', 'closePriceNorm_lag_2', 'closePriceNorm_lag_4', 'closePriceNorm_lag_5', 'closePriceNorm_lag_6', 'closePrice_lag_10', 'closePrice_lag_9', 'closePrice_lag_2', 'closePrice_lag_1', 'closePrice_lag_7', 'closePrice_lag_8', 'closePrice_lag_4', 'closePrice_lag_6']",0.9814316152251588,0.264475,-0.000115,-0.048927,0.005226,0.00628,0.006466,103196607243.83647,160947655571.42554,306440270366.5689,0.26,19260817.0,-1.0
50.0,12.0,0.7,0.7,0.1,0.01,"['log_ret_lag_1', 'log_ret_lag_3', 'ret_lag_3', 'ret_lag_1', 'log_ret_lag_6', 'ret_lag_5', 'ret_lag_2', 'log_ret_lag_2', 'ret_lag_6', 'ret_lag_4', 'log_ret_lag_4', 'log_ret_lag_5', 'closePriceNorm_lag_8', 'closePriceNorm_lag_10', 'closePriceNorm_lag_7', 'closePriceNorm_lag_3', 'closePriceNorm_lag_1', 'closePriceNorm_lag_9', 'closePriceNorm_lag_2', 'closePriceNorm_lag_4', 'closePriceNorm_lag_5', 'closePriceNorm_lag_6', 'closePrice_lag_10', 'closePrice_lag_9', 'closePrice_lag_2', 'closePrice_lag_1', 'closePrice_lag_7', 'closePrice_lag_8', 'closePrice_lag_4', 'closePrice_lag_6', 'closePrice_lag_5']",0.990823795479311,0.261781,-0.007795,-0.044136,0.005236,0.006304,0.006451,106639856275.11377,162810744370.71774,217343725142.98215,0.22,19260817.0,-1.0
50.0,12.0,0.7,0.7,0.1,0.01,"['log_ret_lag_1', 'log_ret_lag_3', 'ret_lag_3', 'ret_lag_1', 'log_ret_lag_6', 'ret_lag_5', 'ret_lag_2', 'log_ret_lag_2', 'ret_lag_6', 'ret_lag_4', 'log_ret_lag_4', 'log_ret_lag_5', 'closePriceNorm_lag_8', 'closePriceNorm_lag_10', 'closePriceNorm_lag_7', 'closePriceNorm_lag_3', 'closePriceNorm_lag_1', 'closePriceNorm_lag_9', 'closePriceNorm_lag_2', 'closePriceNorm_lag_4', 'closePriceNorm_lag_5', 'closePriceNorm_lag_6', 'closePrice_lag_10', 'closePrice_lag_9', 'closePrice_lag_2', 'closePrice_lag_1', 'closePrice_lag_7', 'closePrice_lag_8', 'closePrice_lag_4', 'closePrice_lag_6', 'closePrice_lag_5', 'closePrice_lag_3']",1.0000000000000002,0.26017,-0.02381,-0.049115,0.005242,0.006354,0.006467,105374690993.16644,131573199650.10577,160214079682.30374,0.25,19260817.0,-1.0
50.0,3.0,0.7,0.7,0.1,0.01,"['log_ret_lag_1', 'log_ret_lag_3', 'ret_lag_3', 'ret_lag_1', 'log_ret_lag_6', 'ret_lag_5', 'ret_lag_2', 'log_ret_lag_2', 'ret_lag_6', 'ret_lag_4', 'log_ret_lag_4', 'log_ret_lag_5', 'closePriceNorm_lag_8', 'closePriceNorm_lag_10', 'closePriceNorm_lag_7']",0.683340869615461,0.064258,0.010843,-0.029234,0.005895,0.006245,0.006405,97143394317.85762,69032990410.95709,144596905490.38538,0.06,19260817.0,-1.0
50.0,6.0,0.7,0.7,0.1,0.01,"['log_ret_lag_1', 'log_ret_lag_3', 'ret_lag_3', 'ret_lag_1', 'log_ret_lag_6', 'ret_lag_5', 'ret_lag_2', 'log_ret_lag_2', 'ret_lag_6', 'ret_lag_4', 'log_ret_lag_4', 'log_ret_lag_5', 'closePriceNorm_lag_8', 'closePriceNorm_lag_10', 'closePriceNorm_lag_7']",0.683340869615461,0.193104,0.001742,-0.041573,0.005474,0.006274,0.006443,107903906203.9447,110440362911.37315,139825122475.935,0.14,19260817.0,-1.0
50.0,24.0,0.7,0.7,0.1,0.01,"['log_ret_lag_1', 'log_ret_lag_3', 'ret_lag_3', 'ret_lag_1', 'log_ret_lag_6', 'ret_lag_5', 'ret_lag_2', 'log_ret_lag_2', 'ret_lag_6', 'ret_lag_4', 'log_ret_lag_4', 'log_ret_lag_5', 'closePriceNorm_lag_8', 'closePriceNorm_lag_10', 'closePriceNorm_lag_7']",0.683340869615461,0.250897,0.008128,-0.046251,0.005274,0.006254,0.006458,108667760633.09492,99706869405.41788,133410618941.58994,0.18,19260817.0,-1.0
50.0,48.0,0.7,0.7,0.1,0.01,"['log_ret_lag_1', 'log_ret_lag_3', 'ret_lag_3', 'ret_lag_1', 'log_ret_lag_6', 'ret_lag_5', 'ret_lag_2', 'log_ret_lag_2', 'ret_lag_6', 'ret_lag_4', 'log_ret_lag_4', 'log_ret_lag_5', 'closePriceNorm_lag_8', 'closePriceNorm_lag_10', 'closePriceNorm_lag_7']",0.683340869615461,0.250897,0.008128,-0.046251,0.005274,0.006254,0.006458,108667760633.09492,99706869405.41788,133410618941.58994,0.38,19260817.0,-1.0
50.0,96.0,0.7,0.7,0.1,0.01,"['log_ret_lag_1', 'log_ret_lag_3', 'ret_lag_3', 'ret_lag_1', 'log_ret_lag_6', 'ret_lag_5', 'ret_lag_2', 'log_ret_lag_2', 'ret_lag_6', 'ret_lag_4', 'log_ret_lag_4', 'log_ret_lag_5', 'closePriceNorm_lag_8', 'closePriceNorm_lag_10', 'closePriceNorm_lag_7']",0.683340869615461,0.250897,0.008128,-0.046251,0.005274,0.006254,0.006458,108667760633.09492,99706869405.41788,133410618941.58994,0.54,19260817.0,-1.0
50.0,192.0,0.7,0.7,0.1,0.01,"['log_ret_lag_1', 'log_ret_lag_3', 'ret_lag_3', 'ret_lag_1', 'log_ret_lag_6', 'ret_lag_5', 'ret_lag_2', 'log_ret_lag_2', 'ret_lag_6', 'ret_lag_4', 'log_ret_lag_4', 'log_ret_lag_5', 'closePriceNorm_lag_8', 'closePriceNorm_lag_10', 'closePriceNorm_lag_7']",0.683340869615461,0.250897,0.008128,-0.046251,0.005274,0.006254,0.006458,108667760633.09492,99706869405.41788,133410618941.58994,0.48,19260817.0,-1.0
50.0,3.0,0.7,0.4,0.1,0.01,"['log_ret_lag_1', 'log_ret_lag_3', 'ret_lag_3', 'ret_lag_1', 'log_ret_lag_6', 'ret_lag_5', 'ret_lag_2', 'log_ret_lag_2', 'ret_lag_6', 'ret_lag_4', 'log_ret_lag_4', 'log_ret_lag_5', 'closePriceNorm_lag_8', 'closePriceNorm_lag_10', 'closePriceNorm_lag_7']",0.683340869615461,0.058923,0.008204,-0.018074,0.005912,0.006254,0.00637,92818320119.93541,66944397382.174255,140141719237.67508,0.1,19260817.0,-1.0
50.0,3.0,0.7,0.55,0.1,0.01,"['log_ret_lag_1', 'log_ret_lag_3', 'ret_lag_3', 'ret_lag_1', 'log_ret_lag_6', 'ret_lag_5', 'ret_lag_2', 'log_ret_lag_2', 'ret_lag_6', 'ret_lag_4', 'log_ret_lag_4', 'log_ret_lag_5', 'closePriceNorm_lag_8', 'closePriceNorm_lag_10', 'closePriceNorm_lag_7']",0.683340869615461,0.061102,0.008484,-0.022494,0.005905,0.006253,0.006384,95772849160.23196,66831839903.89192,132996092717.29935,0.14,19260817.0,-1.0
50.0,3.0,0.7,0.85,0.1,0.01,"['log_ret_lag_1', 'log_ret_lag_3', 'ret_lag_3', 'ret_lag_1', 'log_ret_lag_6', 'ret_lag_5', 'ret_lag_2', 'log_ret_lag_2', 'ret_lag_6', 'ret_lag_4', 'log_ret_lag_4', 'log_ret_lag_5', 'closePriceNorm_lag_8', 'closePriceNorm_lag_10', 'closePriceNorm_lag_7']",0.683340869615461,0.062557,0.010187,-0.026529,0.0059,0.006247,0.006397,95900809119.17664,66942393916.98197,135894519523.57533,0.13,19260817.0,-1.0
50.0,3.0,0.4,0.7,0.1,0.01,"['log_ret_lag_1', 'log_ret_lag_3', 'ret_lag_3', 'ret_lag_1', 'log_ret_lag_6', 'ret_lag_5', 'ret_lag_2', 'log_ret_lag_2', 'ret_lag_6', 'ret_lag_4', 'log_ret_lag_4', 'log_ret_lag_5', 'closePriceNorm_lag_8', 'closePriceNorm_lag_10', 'closePriceNorm_lag_7']",0.683340869615461,0.064258,0.010843,-0.029234,0.005895,0.006245,0.006405,97143394317.85762,69032990410.95709,144596905490.38538,0.15,19260817.0,-1.0
50.0,3.0,0.55,0.7,0.1,0.01,"['log_ret_lag_1', 'log_ret_lag_3', 'ret_lag_3', 'ret_lag_1', 'log_ret_lag_6', 'ret_lag_5', 'ret_lag_2', 'log_ret_lag_2', 'ret_lag_6', 'ret_lag_4', 'log_ret_lag_4', 'log_ret_lag_5', 'closePriceNorm_lag_8', 'closePriceNorm_lag_10', 'closePriceNorm_lag_7']",0.683340869615461,0.064258,0.010843,-0.029234,0.005895,0.006245,0.006405,97143394317.85762,69032990410.95709,144596905490.38538,0.16,19260817.0,-1.0
50.0,3.0,0.85,0.7,0.1,0.01,"['log_ret_lag_1', 'log_ret_lag_3', 'ret_lag_3', 'ret_lag_1', 'log_ret_lag_6', 'ret_lag_5', 'ret_lag_2', 'log_ret_lag_2', 'ret_lag_6', 'ret_lag_4', 'log_ret_lag_4', 'log_ret_lag_5', 'closePriceNorm_lag_8', 'closePriceNorm_lag_10', 'closePriceNorm_lag_7']",0.683340869615461,0.064258,0.010843,-0.029234,0.005895,0.006245,0.006405,97143394317.85762,69032990410.95709,144596905490.38538,0.15,19260817.0,-1.0
25.0,3.0,0.7,0.7,0.1,0.01,"['log_ret_lag_1', 'log_ret_lag_3', 'ret_lag_3', 'ret_lag_1', 'log_ret_lag_6', 'ret_lag_5', 'ret_lag_2', 'log_ret_lag_2', 'ret_lag_6', 'ret_lag_4', 'log_ret_lag_4', 'log_ret_lag_5', 'closePriceNorm_lag_8', 'closePriceNorm_lag_10', 'closePriceNorm_lag_7']",0.683340869615461,0.039434,0.013878,-0.017046,0.005973,0.006236,0.006367,87671076547.37613,59847430074.04199,134705558240.56644,0.06,19260817.0,-1.0
100.0,3.0,0.7,0.7,0.1,0.01,"['log_ret_lag_1', 'log_ret_lag_3', 'ret_lag_3', 'ret_lag_1', 'log_ret_lag_6', 'ret_lag_5', 'ret_lag_2', 'log_ret_lag_2', 'ret_lag_6', 'ret_lag_4', 'log_ret_lag_4', 'log_ret_lag_5', 'closePriceNorm_lag_8', 'closePriceNorm_lag_10', 'closePriceNorm_lag_7']",0.683340869615461,0.101101,-0.000901,-0.039223,0.005778,0.006282,0.006436,108774493452.39809,97583489514.87865,138167919655.41443,0.25,19260817.0,-1.0
200.0,3.0,0.7,0.7,0.1,0.01,"['log_ret_lag_1', 'log_ret_lag_3', 'ret_lag_3', 'ret_lag_1', 'log_ret_lag_6', 'ret_lag_5', 'ret_lag_2', 'log_ret_lag_2', 'ret_lag_6', 'ret_lag_4', 'log_ret_lag_4', 'log_ret_lag_5', 'closePriceNorm_lag_8', 'closePriceNorm_lag_10', 'closePriceNorm_lag_7']",0.683340869615461,0.165441,-0.01615,-0.052696,0.005567,0.00633,0.006478,114095943351.62123,130060290658.85782,152312502569.82004,0.43,19260817.0,-1.0
400.0,3.0,0.7,0.7,0.1,0.01,"['log_ret_lag_1', 'log_ret_lag_3', 'ret_lag_3', 'ret_lag_1', 'log_ret_lag_6', 'ret_lag_5', 'ret_lag_2', 'log_ret_lag_2', 'ret_lag_6', 'ret_lag_4', 'log_ret_lag_4', 'log_ret_lag_5', 'closePriceNorm_lag_8', 'closePriceNorm_lag_10', 'closePriceNorm_lag_7']",0.683340869615461,0.259706,-0.039898,-0.08054,0.005243,0.006404,0.006563,128797910240.01825,168773872204.78943,155887714962.59912,0.88,19260817.0,-1.0
25.0,3.0,0.7,0.7,0.1,0.0001,"['log_ret_lag_1', 'log_ret_lag_3', 'ret_lag_3', 'ret_lag_1', 'log_ret_lag_6', 'ret_lag_5', 'ret_lag_2', 'log_ret_lag_2', 'ret_lag_6', 'ret_lag_4', 'log_ret_lag_4', 'log_ret_lag_5', 'closePriceNorm_lag_8', 'closePriceNorm_lag_10', 'closePriceNorm_lag_7']",0.683340869615461,0.040434,0.012751,-0.016292,0.005969,0.006239,0.006365,90583010360.18286,63368866980.08917,128640217479.46172,0.07,19260817.0,-1.0
25.0,3.0,0.7,0.7,0.1,0.001,"['log_ret_lag_1', 'log_ret_lag_3', 'ret_lag_3', 'ret_lag_1', 'log_ret_lag_6', 'ret_lag_5', 'ret_lag_2', 'log_ret_lag_2', 'ret_lag_6', 'ret_lag_4', 'log_ret_lag_4', 'log_ret_lag_5', 'closePriceNorm_lag_8', 'closePriceNorm_lag_10', 'closePriceNorm_lag_7']",0.683340869615461,0.040437,0.011638,-0.016762,0.005969,0.006243,0.006366,95341671325.82141,64655723249.79031,126111025495.41895,0.07,19260817.0,-1.0
25.0,3.0,0.7,0.7,0.1,0.1,"['log_ret_lag_1', 'log_ret_lag_3', 'ret_lag_3', 'ret_lag_1', 'log_ret_lag_6', 'ret_lag_5', 'ret_lag_2', 'log_ret_lag_2', 'ret_lag_6', 'ret_lag_4', 'log_ret_lag_4', 'log_ret_lag_5', 'closePriceNorm_lag_8', 'closePriceNorm_lag_10', 'closePriceNorm_lag_7']",0.683340869615461,0.028058,0.010138,-0.018313,0.006008,0.006248,0.006371,91578893250.00146,76637036322.28899,161778769283.30966,0.12,19260817.0,-1.0
25.0,3.0,0.7,0.7,0.1,1.0,"['log_ret_lag_1', 'log_ret_lag_3', 'ret_lag_3', 'ret_lag_1', 'log_ret_lag_6', 'ret_lag_5', 'ret_lag_2', 'log_ret_lag_2', 'ret_lag_6', 'ret_lag_4', 'log_ret_lag_4', 'log_ret_lag_5', 'closePriceNorm_lag_8', 'closePriceNorm_lag_10', 'closePriceNorm_lag_7']",0.683340869615461,0.004557,0.003646,-0.00225,0.00608,0.006268,0.006321,71263870245.515,29037933972.831528,37697803957.13713,0.05,19260817.0,-1.0
25.0,3.0,0.7,0.7,0.1,10.0,"['log_ret_lag_1', 'log_ret_lag_3', 'ret_lag_3', 'ret_lag_1', 'log_ret_lag_6', 'ret_lag_5', 'ret_lag_2', 'log_ret_lag_2', 'ret_lag_6', 'ret_lag_4', 'log_ret_lag_4', 'log_ret_lag_5', 'closePriceNorm_lag_8', 'closePriceNorm_lag_10', 'closePriceNorm_lag_7']",0.683340869615461,-0.0,-0.000155,-0.000403,0.006094,0.00628,0.006315,49373379401.94032,51689521913.89399,49170316149.40871,0.02,19260817.0,-1.0
25.0,3.0,0.7,0.7,1e-08,0.01,"['log_ret_lag_1', 'log_ret_lag_3', 'ret_lag_3', 'ret_lag_1', 'log_ret_lag_6', 'ret_lag_5', 'ret_lag_2', 'log_ret_lag_2', 'ret_lag_6', 'ret_lag_4', 'log_ret_lag_4', 'log_ret_lag_5', 'closePriceNorm_lag_8', 'closePriceNorm_lag_10', 'closePriceNorm_lag_7']",0.683340869615461,0.0,-0.000155,-0.000403,0.006094,0.00628,0.006315,49373385890.375854,51689506358.23587,49170270347.93924,0.07,19260817.0,-1.0
25.0,3.0,0.7,0.7,1e-06,0.01,"['log_ret_lag_1', 'log_ret_lag_3', 'ret_lag_3', 'ret_lag_1', 'log_ret_lag_6', 'ret_lag_5', 'ret_lag_2', 'log_ret_lag_2', 'ret_lag_6', 'ret_lag_4', 'log_ret_lag_4', 'log_ret_lag_5', 'closePriceNorm_lag_8', 'closePriceNorm_lag_10', 'closePriceNorm_lag_7']",0.683340869615461,1e-06,-0.000155,-0.000403,0.006094,0.00628,0.006315,49374028236.55423,51687966368.965,49165736054.89309,0.07,19260817.0,-1.0
25.0,3.0,0.7,0.7,0.0001,0.01,"['log_ret_lag_1', 'log_ret_lag_3', 'ret_lag_3', 'ret_lag_1', 'log_ret_lag_6', 'ret_lag_5', 'ret_lag_2', 'log_ret_lag_2', 'ret_lag_6', 'ret_lag_4', 'log_ret_lag_4', 'log_ret_lag_5', 'closePriceNorm_lag_8', 'closePriceNorm_lag_10', 'closePriceNorm_lag_7']",0.683340869615461,8.6e-05,-0.000108,-0.000382,0.006094,0.00628,0.006315,49438174458.43628,51534176842.38131,48712831242.46726,0.08,19260817.0,-1.0
25.0,3.0,0.7,0.7,0.01,0.01,"['log_ret_lag_1', 'log_ret_lag_3', 'ret_lag_3', 'ret_lag_1', 'log_ret_lag_6', 'ret_lag_5', 'ret_lag_2', 'log_ret_lag_2', 'ret_lag_6', 'ret_lag_4', 'log_ret_lag_4', 'log_ret_lag_5', 'closePriceNorm_lag_8', 'closePriceNorm_lag_10', 'closePriceNorm_lag_7']",0.683340869615461,0.007242,0.003443,0.000561,0.006072,0.006269,0.006312,57931338547.90866,44814658894.55904,37510209166.466194,0.1,19260817.0,-1.0
25.0,3.0,0.7,0.7,0.1,0.01,['log_ret_lag_1'],0.053390619345354585,0.007339,0.001814,-0.006034,0.006072,0.006274,0.006333,46772532705.7987,50361869463.86906,50000720627.97345,0.07,19260817.0,-1.0
25.0,3.0,0.7,0.7,0.1,0.01,"['log_ret_lag_1', 'log_ret_lag_3']",0.10557933615265645,0.010197,0.003,-0.006093,0.006063,0.00627,0.006333,56709852892.72374,64420730361.46026,57458200304.487755,0.08,19260817.0,-1.0
25.0,3.0,0.7,0.7,0.1,0.01,"['log_ret_lag_1', 'log_ret_lag_3', 'ret_lag_3']",0.15658960427125648,0.018943,0.003466,-0.01126,0.006036,0.006269,0.006349,60517003527.25154,75067916652.75224,58720011686.38606,0.08,19260817.0,-1.0
25.0,3.0,0.7,0.7,0.1,0.01,"['log_ret_lag_1', 'log_ret_lag_3', 'ret_lag_3', 'ret_lag_1']",0.20696258489536648,0.01856,0.004206,-0.008223,0.006037,0.006266,0.006339,58589226048.42514,72109282808.08977,57430263465.94885,0.07,19260817.0,-1.0
25.0,3.0,0.7,0.7,0.1,0.01,"['log_ret_lag_1', 'log_ret_lag_3', 'ret_lag_3', 'ret_lag_1', 'log_ret_lag_6']",0.2557425261341888,0.021861,0.004264,-0.009238,0.006027,0.006266,0.006343,57624673022.209694,66699312512.30725,58917597070.13052,0.09,19260817.0,-1.0
25.0,3.0,0.7,0.7,0.1,0.01,"['log_ret_lag_1', 'log_ret_lag_3', 'ret_lag_3', 'ret_lag_1', 'log_ret_lag_6', 'ret_lag_5']",0.30284719977706,0.024382,0.00552,-0.009277,0.006019,0.006262,0.006343,56977337064.37845,65314207437.85756,59161310999.65103,0.08,19260817.0,-1.0
25.0,3.0,0.7,0.7,0.1,0.01,"['log_ret_lag_1', 'log_ret_lag_3', 'ret_lag_3', 'ret_lag_1', 'log_ret_lag_6', 'ret_lag_5', 'ret_lag_2']",0.3489791576778146,0.026304,0.005733,-0.004967,0.006013,0.006261,0.006329,55716163132.08852,64616827760.28884,55959104438.48115,0.08,19260817.0,-1.0
25.0,3.0,0.7,0.7,0.1,0.01,"['log_ret_lag_1', 'log_ret_lag_3', 'ret_lag_3', 'ret_lag_1', 'log_ret_lag_6', 'ret_lag_5', 'ret_lag_2', 'log_ret_lag_2']",0.3948758501507318,0.027513,0.006282,-0.00714,0.006009,0.00626,0.006336,58254439685.95853,65703230186.129,60276860281.69128,0.08,19260817.0,-1.0
25.0,3.0,0.7,0.7,0.1,0.01,"['log_ret_lag_1', 'log_ret_lag_3', 'ret_lag_3', 'ret_lag_1', 'log_ret_lag_6', 'ret_lag_5', 'ret_lag_2', 'log_ret_lag_2', 'ret_lag_6']",0.4399517902714915,0.028062,0.006711,-0.007185,0.006008,0.006258,0.006336,55018711844.23512,63270736907.825516,57963328445.51468,0.07,19260817.0,-1.0
25.0,3.0,0.7,0.7,0.1,0.01,"['log_ret_lag_1', 'log_ret_lag_3', 'ret_lag_3', 'ret_lag_1', 'log_ret_lag_6', 'ret_lag_5', 'ret_lag_2', 'log_ret_lag_2', 'ret_lag_6', 'ret_lag_4']",0.4844042152738133,0.028041,0.003407,-0.004253,0.006008,0.006269,0.006327,61755200431.98266,70471775868.59438,62918165938.71885,0.07,19260817.0,-1.0
25.0,3.0,0.7,0.7,0.1,0.01,"['log_ret_lag_1', 'log_ret_lag_3', 'ret_lag_3', 'ret_lag_1', 'log_ret_lag_6', 'ret_lag_5', 'ret_lag_2', 'log_ret_lag_2', 'ret_lag_6', 'ret_lag_4', 'log_ret_lag_4']",0.5285217418899613,0.029626,0.003738,-0.005352,0.006003,0.006268,0.00633,61963322851.34097,65824412012.36392,63056725444.86055,0.06,19260817.0,-1.0
25.0,3.0,0.7,0.7,0.1,0.01,"['log_ret_lag_1', 'log_ret_lag_3', 'ret_lag_3', 'ret_lag_1', 'log_ret_lag_6', 'ret_lag_5', 'ret_lag_2', 'log_ret_lag_2', 'ret_lag_6', 'ret_lag_4', 'log_ret_lag_4', 'log_ret_lag_5']",0.5709687321519586,0.029153,0.002897,-0.003314,0.006004,0.00627,0.006324,64600239735.43031,72867796997.30222,62728628793.938934,0.07,19260817.0,-1.0
25.0,3.0,0.7,0.7,0.1,0.01,"['log_ret_lag_1', 'log_ret_lag_3', 'ret_lag_3', 'ret_lag_1', 'log_ret_lag_6', 'ret_lag_5', 'ret_lag_2', 'log_ret_lag_2', 'ret_lag_6', 'ret_lag_4', 'log_ret_lag_4', 'log_ret_lag_5', 'closePriceNorm_lag_8']",0.609051065815995,0.036637,0.015278,-0.014879,0.005981,0.006231,0.00636,92162105720.9941,66197162766.43817,108821473558.4587,0.07,19260817.0,-1.0
25.0,3.0,0.7,0.7,0.1,0.01,"['log_ret_lag_1', 'log_ret_lag_3', 'ret_lag_3', 'ret_lag_1', 'log_ret_lag_6', 'ret_lag_5', 'ret_lag_2', 'log_ret_lag_2', 'ret_lag_6', 'ret_lag_4', 'log_ret_lag_4', 'log_ret_lag_5', 'closePriceNorm_lag_8', 'closePriceNorm_lag_10']",0.6462985471629211,0.039663,0.012937,-0.022454,0.005972,0.006239,0.006384,87750071644.0469,59104070270.13142,138622171086.8487,0.1,19260817.0,-1.0
25.0,3.0,0.7,0.7,0.1,0.01,"['log_ret_lag_1', 'log_ret_lag_3', 'ret_lag_3', 'ret_lag_1', 'log_ret_lag_6', 'ret_lag_5', 'ret_lag_2', 'log_ret_lag_2', 'ret_lag_6', 'ret_lag_4', 'log_ret_lag_4', 'log_ret_lag_5', 'closePriceNorm_lag_8', 'closePriceNorm_lag_10', 'closePriceNorm_lag_7', 'closePriceNorm_lag_3']",0.7180701130079044,0.040549,0.011567,-0.016722,0.005969,0.006243,0.006366,87131708231.724,49427428757.34799,135012288267.38358,0.07,19260817.0,-1.0
25.0,3.0,0.7,0.7,0.1,0.01,"['log_ret_lag_1', 'log_ret_lag_3', 'ret_lag_3', 'ret_lag_1', 'log_ret_lag_6', 'ret_lag_5', 'ret_lag_2', 'log_ret_lag_2', 'ret_lag_6', 'ret_lag_4', 'log_ret_lag_4', 'log_ret_lag_5', 'closePriceNorm_lag_8', 'closePriceNorm_lag_10', 'closePriceNorm_lag_7', 'closePriceNorm_lag_3', 'closePriceNorm_lag_1']",0.7520247171160381,0.041261,0.010973,-0.016012,0.005967,0.006245,0.006364,82904273635.07434,53012383435.65734,141006368769.92007,0.08,19260817.0,-1.0
25.0,3.0,0.7,0.7,0.1,0.01,"['log_ret_lag_1', 'log_ret_lag_3', 'ret_lag_3', 'ret_lag_1', 'log_ret_lag_6', 'ret_lag_5', 'ret_lag_2', 'log_ret_lag_2', 'ret_lag_6', 'ret_lag_4', 'log_ret_lag_4', 'log_ret_lag_5', 'closePriceNorm_lag_8', 'closePriceNorm_lag_10', 'closePriceNorm_lag_7', 'closePriceNorm_lag_3', 'closePriceNorm_lag_1', 'closePriceNorm_lag_9']",0.7849150267047641,0.041028,0.015602,-0.016568,0.005968,0.00623,0.006366,90328099966.50806,55224885686.15574,142499431314.54282,0.11,19260817.0,-1.0
25.0,3.0,0.7,0.7,0.1,0.01,"['log_ret_lag_1', 'log_ret_lag_3', 'ret_lag_3', 'ret_lag_1', 'log_ret_lag_6', 'ret_lag_5', 'ret_lag_2', 'log_ret_lag_2', 'ret_lag_6', 'ret_lag_4', 'log_ret_lag_4', 'log_ret_lag_5', 'closePriceNorm_lag_8', 'closePriceNorm_lag_10', 'closePriceNorm_lag_7', 'closePriceNorm_lag_3', 'closePriceNorm_lag_1', 'closePriceNorm_lag_9', 'closePriceNorm_lag_2']",0.8130408505823743,0.041196,0.015843,-0.014528,0.005967,0.00623,0.006359,88268015925.00966,55693201414.10717,140833883103.76056,0.09,19260817.0,-1.0
25.0,3.0,0.7,0.7,0.1,0.01,"['log_ret_lag_1', 'log_ret_lag_3', 'ret_lag_3', 'ret_lag_1', 'log_ret_lag_6', 'ret_lag_5', 'ret_lag_2', 'log_ret_lag_2', 'ret_lag_6', 'ret_lag_4', 'log_ret_lag_4', 'log_ret_lag_5', 'closePriceNorm_lag_8', 'closePriceNorm_lag_10', 'closePriceNorm_lag_7', 'closePriceNorm_lag_3', 'closePriceNorm_lag_1', 'closePriceNorm_lag_9', 'closePriceNorm_lag_2', 'closePriceNorm_lag_4']",0.8409784893698519,0.043625,0.011636,-0.016176,0.00596,0.006243,0.006364,87668065024.87357,52517792873.06558,126300817475.82388,0.09,19260817.0,-1.0
25.0,3.0,0.7,0.7,0.1,0.01,"['log_ret_lag_1', 'log_ret_lag_3', 'ret_lag_3', 'ret_lag_1', 'log_ret_lag_6', 'ret_lag_5', 'ret_lag_2', 'log_ret_lag_2', 'ret_lag_6', 'ret_lag_4', 'log_ret_lag_4', 'log_ret_lag_5', 'closePriceNorm_lag_8', 'closePriceNorm_lag_10', 'closePriceNorm_lag_7', 'closePriceNorm_lag_3', 'closePriceNorm_lag_1', 'closePriceNorm_lag_9', 'closePriceNorm_lag_2', 'closePriceNorm_lag_4', 'closePriceNorm_lag_5']",0.8681730772477252,0.041635,0.014119,-0.015093,0.005966,0.006235,0.006361,89127025906.44727,49510540665.5527,134220505360.04399,0.1,19260817.0,-1.0
25.0,3.0,0.7,0.7,0.1,0.01,"['log_ret_lag_1', 'log_ret_lag_3', 'ret_lag_3', 'ret_lag_1', 'log_ret_lag_6', 'ret_lag_5', 'ret_lag_2', 'log_ret_lag_2', 'ret_lag_6', 'ret_lag_4', 'log_ret_lag_4', 'log_ret_lag_5', 'closePriceNorm_lag_8', 'closePriceNorm_lag_10', 'closePriceNorm_lag_7', 'closePriceNorm_lag_3', 'closePriceNorm_lag_1', 'closePriceNorm_lag_9', 'closePriceNorm_lag_2', 'closePriceNorm_lag_4', 'closePriceNorm_lag_5', 'closePriceNorm_lag_6']",0.8918703187506538,0.042814,0.016351,-0.017494,0.005962,0.006228,0.006369,85653994968.84258,50531316990.41164,133870001543.11784,0.08,19260817.0,-1.0
25.0,3.0,0.7,0.7,0.1,0.01,"['log_ret_lag_1', 'log_ret_lag_3', 'ret_lag_3', 'ret_lag_1', 'log_ret_lag_6', 'ret_lag_5', 'ret_lag_2', 'log_ret_lag_2', 'ret_lag_6', 'ret_lag_4', 'log_ret_lag_4', 'log_ret_lag_5', 'closePriceNorm_lag_8', 'closePriceNorm_lag_10', 'closePriceNorm_lag_7', 'closePriceNorm_lag_3', 'closePriceNorm_lag_1', 'closePriceNorm_lag_9', 'closePriceNorm_lag_2', 'closePriceNorm_lag_4', 'closePriceNorm_lag_5', 'closePriceNorm_lag_6', 'closePrice_lag_10']",0.9047836864038928,0.042523,0.01382,-0.020483,0.005963,0.006236,0.006378,87941822619.41798,49437261596.26498,159705413299.55017,0.13,19260817.0,-1.0
25.0,3.0,0.7,0.7,0.1,0.01,"['log_ret_lag_1', 'log_ret_lag_3', 'ret_lag_3', 'ret_lag_1', 'log_ret_lag_6', 'ret_lag_5', 'ret_lag_2', 'log_ret_lag_2', 'ret_lag_6', 'ret_lag_4', 'log_ret_lag_4', 'log_ret_lag_5', 'closePriceNorm_lag_8', 'closePriceNorm_lag_10', 'closePriceNorm_lag_7', 'closePriceNorm_lag_3', 'closePriceNorm_lag_1', 'closePriceNorm_lag_9', 'closePriceNorm_lag_2', 'closePriceNorm_lag_4', 'closePriceNorm_lag_5', 'closePriceNorm_lag_6', 'closePrice_lag_10', 'closePrice_lag_9']",0.9173032234953827,0.043752,0.014839,-0.015976,0.005959,0.006233,0.006364,85121433531.62909,49215777693.84955,125625362049.5792,0.08,19260817.0,-1.0
25.0,3.0,0.7,0.7,0.1,0.01,"['log_ret_lag_1', 'log_ret_lag_3', 'ret_lag_3', 'ret_lag_1', 'log_ret_lag_6', 'ret_lag_5', 'ret_lag_2', 'log_ret_lag_2', 'ret_lag_6', 'ret_lag_4', 'log_ret_lag_4', 'log_ret_lag_5', 'closePriceNorm_lag_8', 'closePriceNorm_lag_10', 'closePriceNorm_lag_7', 'closePriceNorm_lag_3', 'closePriceNorm_lag_1', 'closePriceNorm_lag_9', 'closePriceNorm_lag_2', 'closePriceNorm_lag_4', 'closePriceNorm_lag_5', 'closePriceNorm_lag_6', 'closePrice_lag_10', 'closePrice_lag_9', 'closePrice_lag_2']",0.9291293698833701,0.042866,0.015016,-0.017184,0.005962,0.006232,0.006368,87330091077.58755,56879575875.7201,143515615533.8892,0.08,19260817.0,-1.0
25.0,3.0,0.7,0.7,0.1,0.01,"['log_ret_lag_1', 'log_ret_lag_3', 'ret_lag_3', 'ret_lag_1', 'log_ret_lag_6', 'ret_lag_5', 'ret_lag_2', 'log_ret_lag_2', 'ret_lag_6', 'ret_lag_4', 'log_ret_lag_4', 'log_ret_lag_5', 'closePriceNorm_lag_8', 'closePriceNorm_lag_10', 'closePriceNorm_lag_7', 'closePriceNorm_lag_3', 'closePriceNorm_lag_1', 'closePriceNorm_lag_9', 'closePriceNorm_lag_2', 'closePriceNorm_lag_4', 'closePriceNorm_lag_5', 'closePriceNorm_lag_6', 'closePrice_lag_10', 'closePrice_lag_9', 'closePrice_lag_2', 'closePrice_lag_1']",0.9405466277792666,0.041208,0.015076,-0.016394,0.005967,0.006232,0.006365,86147336920.49751,57536488904.52119,128384981305.93196,0.08,19260817.0,-1.0
25.0,3.0,0.7,0.7,0.1,0.01,"['log_ret_lag_1', 'log_ret_lag_3', 'ret_lag_3', 'ret_lag_1', 'log_ret_lag_6', 'ret_lag_5', 'ret_lag_2', 'log_ret_lag_2', 'ret_lag_6', 'ret_lag_4', 'log_ret_lag_4', 'log_ret_lag_5', 'closePriceNorm_lag_8', 'closePriceNorm_lag_10', 'closePriceNorm_lag_7', 'closePriceNorm_lag_3', 'closePriceNorm_lag_1', 'closePriceNorm_lag_9', 'closePriceNorm_lag_2', 'closePriceNorm_lag_4', 'closePriceNorm_lag_5', 'closePriceNorm_lag_6', 'closePrice_lag_10', 'closePrice_lag_9', 'closePrice_lag_2', 'closePrice_lag_1', 'closePrice_lag_7']",0.9510640512135677,0.042212,0.013365,-0.013908,0.005964,0.006237,0.006357,86026343315.08261,53086264661.796036,127071029128.38358,0.08,19260817.0,-1.0
25.0,3.0,0.7,0.7,0.1,0.01,"['log_ret_lag_1', 'log_ret_lag_3', 'ret_lag_3', 'ret_lag_1', 'log_ret_lag_6', 'ret_lag_5', 'ret_lag_2', 'log_ret_lag_2', 'ret_lag_6', 'ret_lag_4', 'log_ret_lag_4', 'log_ret_lag_5', 'closePriceNorm_lag_8', 'closePriceNorm_lag_10', 'closePriceNorm_lag_7', 'closePriceNorm_lag_3', 'closePriceNorm_lag_1', 'closePriceNorm_lag_9', 'closePriceNorm_lag_2', 'closePriceNorm_lag_4', 'closePriceNorm_lag_5', 'closePriceNorm_lag_6', 'closePrice_lag_10', 'closePrice_lag_9', 'closePrice_lag_2', 'closePrice_lag_1', 'closePrice_lag_7', 'closePrice_lag_8']",0.9615207456582039,0.041799,0.013171,-0.015349,0.005965,0.006238,0.006362,87583426647.16151,52470432157.63329,151153233023.3585,0.08,19260817.0,-1.0
25.0,3.0,0.7,0.7,0.1,0.01,"['log_ret_lag_1', 'log_ret_lag_3', 'ret_lag_3', 'ret_lag_1', 'log_ret_lag_6', 'ret_lag_5', 'ret_lag_2', 'log_ret_lag_2', 'ret_lag_6', 'ret_lag_4', 'log_ret_lag_4', 'log_ret_lag_5', 'closePriceNorm_lag_8', 'closePriceNorm_lag_10', 'closePriceNorm_lag_7', 'closePriceNorm_lag_3', 'closePriceNorm_lag_1', 'closePriceNorm_lag_9', 'closePriceNorm_lag_2', 'closePriceNorm_lag_4', 'closePriceNorm_lag_5', 'closePriceNorm_lag_6', 'closePrice_lag_10', 'closePrice_lag_9', 'closePrice_lag_2', 'closePrice_lag_1', 'closePrice_lag_7', 'closePrice_lag_8', 'closePrice_lag_4']",0.9715492715491866,0.042183,0.013771,-0.016498,0.005964,0.006236,0.006365,89348146649.22116,49853187975.217,142270699741.62817,0.09,19260817.0,-1.0
25.0,3.0,0.7,0.7,0.1,0.01,"['log_ret_lag_1', 'log_ret_lag_3', 'ret_lag_3', 'ret_lag_1', 'log_ret_lag_6', 'ret_lag_5', 'ret_lag_2', 'log_ret_lag_2', 'ret_lag_6', 'ret_lag_4', 'log_ret_lag_4', 'log_ret_lag_5', 'closePriceNorm_lag_8', 'closePriceNorm_lag_10', 'closePriceNorm_lag_7', 'closePriceNorm_lag_3', 'closePriceNorm_lag_1', 'closePriceNorm_lag_9', 'closePriceNorm_lag_2', 'closePriceNorm_lag_4', 'closePriceNorm_lag_5', 'closePriceNorm_lag_6', 'closePrice_lag_10', 'closePrice_lag_9', 'closePrice_lag_2', 'closePrice_lag_1', 'closePrice_lag_7', 'closePrice_lag_8', 'closePrice_lag_4', 'closePrice_lag_6']",0.9814316152251588,0.041848,0.015633,-0.014512,0.005965,0.00623,0.006359,82288004531.49751,47518784376.54202,122643314646.27997,0.1,19260817.0,-1.0
25.0,3.0,0.7,0.7,0.1,0.01,"['log_ret_lag_1', 'log_ret_lag_3', 'ret_lag_3', 'ret_lag_1', 'log_ret_lag_6', 'ret_lag_5', 'ret_lag_2', 'log_ret_lag_2', 'ret_lag_6', 'ret_lag_4', 'log_ret_lag_4', 'log_ret_lag_5', 'closePriceNorm_lag_8', 'closePriceNorm_lag_10', 'closePriceNorm_lag_7', 'closePriceNorm_lag_3', 'closePriceNorm_lag_1', 'closePriceNorm_lag_9', 'closePriceNorm_lag_2', 'closePriceNorm_lag_4', 'closePriceNorm_lag_5', 'closePriceNorm_lag_6', 'closePrice_lag_10', 'closePrice_lag_9', 'closePrice_lag_2', 'closePrice_lag_1', 'closePrice_lag_7', 'closePrice_lag_8', 'closePrice_lag_4', 'closePrice_lag_6', 'closePrice_lag_5']",0.990823795479311,0.042154,0.013594,-0.014085,0.005964,0.006237,0.006358,84255454609.13524,47459383642.02358,120973806180.23972,0.09,19260817.0,-1.0
25.0,3.0,0.7,0.7,0.1,0.01,"['log_ret_lag_1', 'log_ret_lag_3', 'ret_lag_3', 'ret_lag_1', 'log_ret_lag_6', 'ret_lag_5', 'ret_lag_2', 'log_ret_lag_2', 'ret_lag_6', 'ret_lag_4', 'log_ret_lag_4', 'log_ret_lag_5', 'closePriceNorm_lag_8', 'closePriceNorm_lag_10', 'closePriceNorm_lag_7', 'closePriceNorm_lag_3', 'closePriceNorm_lag_1', 'closePriceNorm_lag_9', 'closePriceNorm_lag_2', 'closePriceNorm_lag_4', 'closePriceNorm_lag_5', 'closePriceNorm_lag_6', 'closePrice_lag_10', 'closePrice_lag_9', 'closePrice_lag_2', 'closePrice_lag_1', 'closePrice_lag_7', 'closePrice_lag_8', 'closePrice_lag_4', 'closePrice_lag_6', 'closePrice_lag_5', 'closePrice_lag_3']",1.0000000000000002,0.042418,0.014009,-0.013584,0.005963,0.006235,0.006356,86930176835.71436,50778109196.3689,126742256569.90701,0.09,19260817.0,-1.0
25.0,6.0,0.7,0.7,0.1,0.01,"['log_ret_lag_1', 'log_ret_lag_3', 'ret_lag_3', 'ret_lag_1', 'log_ret_lag_6', 'ret_lag_5', 'ret_lag_2', 'log_ret_lag_2', 'ret_lag_6', 'ret_lag_4', 'log_ret_lag_4', 'log_ret_lag_5', 'closePriceNorm_lag_8', 'closePriceNorm_lag_10', 'closePriceNorm_lag_7', 'closePriceNorm_lag_3', 'closePriceNorm_lag_1', 'closePriceNorm_lag_9', 'closePriceNorm_lag_2', 'closePriceNorm_lag_4', 'closePriceNorm_lag_5', 'closePriceNorm_lag_6']",0.8918703187506538,0.127933,0.010738,-0.033605,0.005691,0.006246,0.006419,91691235964.50615,65134688227.21916,143043499572.29614,0.24,19260817.0,-1.0
25.0,12.0,0.7,0.7,0.1,0.01,"['log_ret_lag_1', 'log_ret_lag_3', 'ret_lag_3', 'ret_lag_1', 'log_ret_lag_6', 'ret_lag_5', 'ret_lag_2', 'log_ret_lag_2', 'ret_lag_6', 'ret_lag_4', 'log_ret_lag_4', 'log_ret_lag_5', 'closePriceNorm_lag_8', 'closePriceNorm_lag_10', 'closePriceNorm_lag_7', 'closePriceNorm_lag_3', 'closePriceNorm_lag_1', 'closePriceNorm_lag_9', 'closePriceNorm_lag_2', 'closePriceNorm_lag_4', 'closePriceNorm_lag_5', 'closePriceNorm_lag_6']",0.8918703187506538,0.153642,0.009483,-0.027839,0.005606,0.00625,0.006401,99847590495.16888,76612284476.99823,162003809860.24908,0.25,19260817.0,-1.0
25.0,24.0,0.7,0.7,0.1,0.01,"['log_ret_lag_1', 'log_ret_lag_3', 'ret_lag_3', 'ret_lag_1', 'log_ret_lag_6', 'ret_lag_5', 'ret_lag_2', 'log_ret_lag_2', 'ret_lag_6', 'ret_lag_4', 'log_ret_lag_4', 'log_ret_lag_5', 'closePriceNorm_lag_8', 'closePriceNorm_lag_10', 'closePriceNorm_lag_7', 'closePriceNorm_lag_3', 'closePriceNorm_lag_1', 'closePriceNorm_lag_9', 'closePriceNorm_lag_2', 'closePriceNorm_lag_4', 'closePriceNorm_lag_5', 'closePriceNorm_lag_6']",0.8918703187506538,0.149586,0.007359,-0.028292,0.00562,0.006256,0.006402,95106163578.71957,77719994420.58882,147909330496.35452,0.24,19260817.0,-1.0
25.0,48.0,0.7,0.7,0.1,0.01,"['log_ret_lag_1', 'log_ret_lag_3', 'ret_lag_3', 'ret_lag_1', 'log_ret_lag_6', 'ret_lag_5', 'ret_lag_2', 'log_ret_lag_2', 'ret_lag_6', 'ret_lag_4', 'log_ret_lag_4', 'log_ret_lag_5', 'closePriceNorm_lag_8', 'closePriceNorm_lag_10', 'closePriceNorm_lag_7', 'closePriceNorm_lag_3', 'closePriceNorm_lag_1', 'closePriceNorm_lag_9', 'closePriceNorm_lag_2', 'closePriceNorm_lag_4', 'closePriceNorm_lag_5', 'closePriceNorm_lag_6']",0.8918703187506538,0.149586,0.007359,-0.028292,0.00562,0.006256,0.006402,95106163578.71957,77719994420.58882,147909330496.35452,0.24,19260817.0,-1.0
25.0,96.0,0.7,0.7,0.1,0.01,"['log_ret_lag_1', 'log_ret_lag_3', 'ret_lag_3', 'ret_lag_1', 'log_ret_lag_6', 'ret_lag_5', 'ret_lag_2', 'log_ret_lag_2', 'ret_lag_6', 'ret_lag_4', 'log_ret_lag_4', 'log_ret_lag_5', 'closePriceNorm_lag_8', 'closePriceNorm_lag_10', 'closePriceNorm_lag_7', 'closePriceNorm_lag_3', 'closePriceNorm_lag_1', 'closePriceNorm_lag_9', 'closePriceNorm_lag_2', 'closePriceNorm_lag_4', 'closePriceNorm_lag_5', 'closePriceNorm_lag_6']",0.8918703187506538,0.149586,0.007359,-0.028292,0.00562,0.006256,0.006402,95106163578.71957,77719994420.58882,147909330496.35452,0.23,19260817.0,-1.0
25.0,192.0,0.7,0.7,0.1,0.01,"['log_ret_lag_1', 'log_ret_lag_3', 'ret_lag_3', 'ret_lag_1', 'log_ret_lag_6', 'ret_lag_5', 'ret_lag_2', 'log_ret_lag_2', 'ret_lag_6', 'ret_lag_4', 'log_ret_lag_4', 'log_ret_lag_5', 'closePriceNorm_lag_8', 'closePriceNorm_lag_10', 'closePriceNorm_lag_7', 'closePriceNorm_lag_3', 'closePriceNorm_lag_1', 'closePriceNorm_lag_9', 'closePriceNorm_lag_2', 'closePriceNorm_lag_4', 'closePriceNorm_lag_5', 'closePriceNorm_lag_6']",0.8918703187506538,0.149586,0.007359,-0.028292,0.00562,0.006256,0.006402,95106163578.71957,77719994420.58882,147909330496.35452,0.26,19260817.0,-1.0
25.0,3.0,0.7,0.4,0.1,0.01,"['log_ret_lag_1', 'log_ret_lag_3', 'ret_lag_3', 'ret_lag_1', 'log_ret_lag_6', 'ret_lag_5', 'ret_lag_2', 'log_ret_lag_2', 'ret_lag_6', 'ret_lag_4', 'log_ret_lag_4', 'log_ret_lag_5', 'closePriceNorm_lag_8', 'closePriceNorm_lag_10', 'closePriceNorm_lag_7', 'closePriceNorm_lag_3', 'closePriceNorm_lag_1', 'closePriceNorm_lag_9', 'closePriceNorm_lag_2', 'closePriceNorm_lag_4', 'closePriceNorm_lag_5', 'closePriceNorm_lag_6']",0.8918703187506538,0.04058,0.016932,-0.020995,0.005969,0.006226,0.00638,90999211093.45836,53495657578.30533,161926346197.99677,0.09,19260817.0,-1.0
25.0,3.0,0.7,0.55,0.1,0.01,"['log_ret_lag_1', 'log_ret_lag_3', 'ret_lag_3', 'ret_lag_1', 'log_ret_lag_6', 'ret_lag_5', 'ret_lag_2', 'log_ret_lag_2', 'ret_lag_6', 'ret_lag_4', 'log_ret_lag_4', 'log_ret_lag_5', 'closePriceNorm_lag_8', 'closePriceNorm_lag_10', 'closePriceNorm_lag_7', 'closePriceNorm_lag_3', 'closePriceNorm_lag_1', 'closePriceNorm_lag_9', 'closePriceNorm_lag_2', 'closePriceNorm_lag_4', 'closePriceNorm_lag_5', 'closePriceNorm_lag_6']",0.8918703187506538,0.04158,0.015347,-0.018834,0.005966,0.006231,0.006373,90713147491.611,51535460311.17152,153475355687.0846,0.07,19260817.0,-1.0
25.0,3.0,0.7,0.85,0.1,0.01,"['log_ret_lag_1', 'log_ret_lag_3', 'ret_lag_3', 'ret_lag_1', 'log_ret_lag_6', 'ret_lag_5', 'ret_lag_2', 'log_ret_lag_2', 'ret_lag_6', 'ret_lag_4', 'log_ret_lag_4', 'log_ret_lag_5', 'closePriceNorm_lag_8', 'closePriceNorm_lag_10', 'closePriceNorm_lag_7', 'closePriceNorm_lag_3', 'closePriceNorm_lag_1', 'closePriceNorm_lag_9', 'closePriceNorm_lag_2', 'closePriceNorm_lag_4', 'closePriceNorm_lag_5', 'closePriceNorm_lag_6']",0.8918703187506538,0.041017,0.013245,-0.0149,0.005968,0.006238,0.00636,89617901770.13396,51348328260.67629,130648571978.1958,0.08,19260817.0,-1.0
25.0,3.0,0.4,0.4,0.1,0.01,"['log_ret_lag_1', 'log_ret_lag_3', 'ret_lag_3', 'ret_lag_1', 'log_ret_lag_6', 'ret_lag_5', 'ret_lag_2', 'log_ret_lag_2', 'ret_lag_6', 'ret_lag_4', 'log_ret_lag_4', 'log_ret_lag_5', 'closePriceNorm_lag_8', 'closePriceNorm_lag_10', 'closePriceNorm_lag_7', 'closePriceNorm_lag_3', 'closePriceNorm_lag_1', 'closePriceNorm_lag_9', 'closePriceNorm_lag_2', 'closePriceNorm_lag_4', 'closePriceNorm_lag_5', 'closePriceNorm_lag_6']",0.8918703187506538,0.04058,0.016932,-0.020995,0.005969,0.006226,0.00638,90999211093.45836,53495657578.30533,161926346197.99677,0.07,19260817.0,-1.0
25.0,3.0,0.55,0.4,0.1,0.01,"['log_ret_lag_1', 'log_ret_lag_3', 'ret_lag_3', 'ret_lag_1', 'log_ret_lag_6', 'ret_lag_5', 'ret_lag_2', 'log_ret_lag_2', 'ret_lag_6', 'ret_lag_4', 'log_ret_lag_4', 'log_ret_lag_5', 'closePriceNorm_lag_8', 'closePriceNorm_lag_10', 'closePriceNorm_lag_7', 'closePriceNorm_lag_3', 'closePriceNorm_lag_1', 'closePriceNorm_lag_9', 'closePriceNorm_lag_2', 'closePriceNorm_lag_4', 'closePriceNorm_lag_5', 'closePriceNorm_lag_6']",0.8918703187506538,0.04058,0.016932,-0.020995,0.005969,0.006226,0.00638,90999211093.45836,53495657578.30533,161926346197.99677,0.08,19260817.0,-1.0
25.0,3.0,0.85,0.4,0.1,0.01,"['log_ret_lag_1', 'log_ret_lag_3', 'ret_lag_3', 'ret_lag_1', 'log_ret_lag_6', 'ret_lag_5', 'ret_lag_2', 'log_ret_lag_2', 'ret_lag_6', 'ret_lag_4', 'log_ret_lag_4', 'log_ret_lag_5', 'closePriceNorm_lag_8', 'closePriceNorm_lag_10', 'closePriceNorm_lag_7', 'closePriceNorm_lag_3', 'closePriceNorm_lag_1', 'closePriceNorm_lag_9', 'closePriceNorm_lag_2', 'closePriceNorm_lag_4', 'closePriceNorm_lag_5', 'closePriceNorm_lag_6']",0.8918703187506538,0.04058,0.016932,-0.020995,0.005969,0.006226,0.00638,90999211093.45836,53495657578.30533,161926346197.99677,0.08,19260817.0,-1.0
50.0,3.0,0.7,0.4,0.1,0.01,"['log_ret_lag_1', 'log_ret_lag_3', 'ret_lag_3', 'ret_lag_1', 'log_ret_lag_6', 'ret_lag_5', 'ret_lag_2', 'log_ret_lag_2', 'ret_lag_6', 'ret_lag_4', 'log_ret_lag_4', 'log_ret_lag_5', 'closePriceNorm_lag_8', 'closePriceNorm_lag_10', 'closePriceNorm_lag_7', 'closePriceNorm_lag_3', 'closePriceNorm_lag_1', 'closePriceNorm_lag_9', 'closePriceNorm_lag_2', 'closePriceNorm_lag_4', 'closePriceNorm_lag_5', 'closePriceNorm_lag_6']",0.8918703187506538,0.064404,0.014357,-0.035469,0.005894,0.006234,0.006425,89731241042.13774,60847581738.76996,182808493707.5755,0.15,19260817.0,-1.0
100.0,3.0,0.7,0.4,0.1,0.01,"['log_ret_lag_1', 'log_ret_lag_3', 'ret_lag_3', 'ret_lag_1', 'log_ret_lag_6', 'ret_lag_5', 'ret_lag_2', 'log_ret_lag_2', 'ret_lag_6', 'ret_lag_4', 'log_ret_lag_4', 'log_ret_lag_5', 'closePriceNorm_lag_8', 'closePriceNorm_lag_10', 'closePriceNorm_lag_7', 'closePriceNorm_lag_3', 'closePriceNorm_lag_1', 'closePriceNorm_lag_9', 'closePriceNorm_lag_2', 'closePriceNorm_lag_4', 'closePriceNorm_lag_5', 'closePriceNorm_lag_6']",0.8918703187506538,0.099082,0.004512,-0.049293,0.005784,0.006265,0.006467,99821211716.16396,86460901722.67865,201901162626.85986,0.29,19260817.0,-1.0
200.0,3.0,0.7,0.4,0.1,0.01,"['log_ret_lag_1', 'log_ret_lag_3', 'ret_lag_3', 'ret_lag_1', 'log_ret_lag_6', 'ret_lag_5', 'ret_lag_2', 'log_ret_lag_2', 'ret_lag_6', 'ret_lag_4', 'log_ret_lag_4', 'log_ret_lag_5', 'closePriceNorm_lag_8', 'closePriceNorm_lag_10', 'closePriceNorm_lag_7', 'closePriceNorm_lag_3', 'closePriceNorm_lag_1', 'closePriceNorm_lag_9', 'closePriceNorm_lag_2', 'closePriceNorm_lag_4', 'closePriceNorm_lag_5', 'closePriceNorm_lag_6']",0.8918703187506538,0.168815,-0.013082,-0.068855,0.005556,0.00632,0.006527,110522173018.15535,121962328784.45657,204424794851.26968,0.45,19260817.0,-1.0
400.0,3.0,0.7,0.4,0.1,0.01,"['log_ret_lag_1', 'log_ret_lag_3', 'ret_lag_3', 'ret_lag_1', 'log_ret_lag_6', 'ret_lag_5', 'ret_lag_2', 'log_ret_lag_2', 'ret_lag_6', 'ret_lag_4', 'log_ret_lag_4', 'log_ret_lag_5', 'closePriceNorm_lag_8', 'closePriceNorm_lag_10', 'closePriceNorm_lag_7', 'closePriceNorm_lag_3', 'closePriceNorm_lag_1', 'closePriceNorm_lag_9', 'closePriceNorm_lag_2', 'closePriceNorm_lag_4', 'closePriceNorm_lag_5', 'closePriceNorm_lag_6']",0.8918703187506538,0.266074,-0.038274,-0.088742,0.005221,0.006399,0.006588,134738025616.85284,161958124860.70786,207425160068.25635,0.87,19260817.0,-1.0
25.0,3.0,0.7,0.4,0.1,0.0001,"['log_ret_lag_1', 'log_ret_lag_3', 'ret_lag_3', 'ret_lag_1', 'log_ret_lag_6', 'ret_lag_5', 'ret_lag_2', 'log_ret_lag_2', 'ret_lag_6', 'ret_lag_4', 'log_ret_lag_4', 'log_ret_lag_5', 'closePriceNorm_lag_8', 'closePriceNorm_lag_10', 'closePriceNorm_lag_7', 'closePriceNorm_lag_3', 'closePriceNorm_lag_1', 'closePriceNorm_lag_9', 'closePriceNorm_lag_2', 'closePriceNorm_lag_4', 'closePriceNorm_lag_5', 'closePriceNorm_lag_6']",0.8918703187506538,0.042423,0.017767,-0.020641,0.005963,0.006223,0.006378,87190341487.56915,58712471168.59016,146220222640.86743,0.08,19260817.0,-1.0
25.0,3.0,0.7,0.4,0.1,0.001,"['log_ret_lag_1', 'log_ret_lag_3', 'ret_lag_3', 'ret_lag_1', 'log_ret_lag_6', 'ret_lag_5', 'ret_lag_2', 'log_ret_lag_2', 'ret_lag_6', 'ret_lag_4', 'log_ret_lag_4', 'log_ret_lag_5', 'closePriceNorm_lag_8', 'closePriceNorm_lag_10', 'closePriceNorm_lag_7', 'closePriceNorm_lag_3', 'closePriceNorm_lag_1', 'closePriceNorm_lag_9', 'closePriceNorm_lag_2', 'closePriceNorm_lag_4', 'closePriceNorm_lag_5', 'closePriceNorm_lag_6']",0.8918703187506538,0.042861,0.01698,-0.018145,0.005962,0.006226,0.006371,89385907651.56415,60389289390.99444,142335579189.83203,0.08,19260817.0,-1.0
25.0,3.0,0.7,0.4,0.1,0.1,"['log_ret_lag_1', 'log_ret_lag_3', 'ret_lag_3', 'ret_lag_1', 'log_ret_lag_6', 'ret_lag_5', 'ret_lag_2', 'log_ret_lag_2', 'ret_lag_6', 'ret_lag_4', 'log_ret_lag_4', 'log_ret_lag_5', 'closePriceNorm_lag_8', 'closePriceNorm_lag_10', 'closePriceNorm_lag_7', 'closePriceNorm_lag_3', 'closePriceNorm_lag_1', 'closePriceNorm_lag_9', 'closePriceNorm_lag_2', 'closePriceNorm_lag_4', 'closePriceNorm_lag_5', 'closePriceNorm_lag_6']",0.8918703187506538,0.028345,0.013132,-0.022113,0.006007,0.006238,0.006383,86280974836.7458,61123486003.27005,202788923800.38898,0.08,19260817.0,-1.0
25.0,3.0,0.7,0.4,0.1,1.0,"['log_ret_lag_1', 'log_ret_lag_3', 'ret_lag_3', 'ret_lag_1', 'log_ret_lag_6', 'ret_lag_5', 'ret_lag_2', 'log_ret_lag_2', 'ret_lag_6', 'ret_lag_4', 'log_ret_lag_4', 'log_ret_lag_5', 'closePriceNorm_lag_8', 'closePriceNorm_lag_10', 'closePriceNorm_lag_7', 'closePriceNorm_lag_3', 'closePriceNorm_lag_1', 'closePriceNorm_lag_9', 'closePriceNorm_lag_2', 'closePriceNorm_lag_4', 'closePriceNorm_lag_5', 'closePriceNorm_lag_6']",0.8918703187506538,0.004683,0.003494,-0.002369,0.00608,0.006269,0.006321,72812218222.68103,32566684998.6218,37255067663.11155,0.07,19260817.0,-1.0
25.0,3.0,0.7,0.4,0.1,10.0,"['log_ret_lag_1', 'log_ret_lag_3', 'ret_lag_3', 'ret_lag_1', 'log_ret_lag_6', 'ret_lag_5', 'ret_lag_2', 'log_ret_lag_2', 'ret_lag_6', 'ret_lag_4', 'log_ret_lag_4', 'log_ret_lag_5', 'closePriceNorm_lag_8', 'closePriceNorm_lag_10', 'closePriceNorm_lag_7', 'closePriceNorm_lag_3', 'closePriceNorm_lag_1', 'closePriceNorm_lag_9', 'closePriceNorm_lag_2', 'closePriceNorm_lag_4', 'closePriceNorm_lag_5', 'closePriceNorm_lag_6']",0.8918703187506538,-0.0,-0.000155,-0.000403,0.006094,0.00628,0.006315,49373379401.94032,51689521913.89399,49170316149.40871,0.05,19260817.0,-1.0
25.0,3.0,0.7,0.4,1e-08,0.0001,"['log_ret_lag_1', 'log_ret_lag_3', 'ret_lag_3', 'ret_lag_1', 'log_ret_lag_6', 'ret_lag_5', 'ret_lag_2', 'log_ret_lag_2', 'ret_lag_6', 'ret_lag_4', 'log_ret_lag_4', 'log_ret_lag_5', 'closePriceNorm_lag_8', 'closePriceNorm_lag_10', 'closePriceNorm_lag_7', 'closePriceNorm_lag_3', 'closePriceNorm_lag_1', 'closePriceNorm_lag_9', 'closePriceNorm_lag_2', 'closePriceNorm_lag_4', 'closePriceNorm_lag_5', 'closePriceNorm_lag_6']",0.8918703187506538,0.0,-0.000155,-0.000403,0.006094,0.00628,0.006315,49373385063.533104,51689514613.25166,49170266208.59934,0.06,19260817.0,-1.0
25.0,3.0,0.7,0.4,1e-06,0.0001,"['log_ret_lag_1', 'log_ret_lag_3', 'ret_lag_3', 'ret_lag_1', 'log_ret_lag_6', 'ret_lag_5', 'ret_lag_2', 'log_ret_lag_2', 'ret_lag_6', 'ret_lag_4', 'log_ret_lag_4', 'log_ret_lag_5', 'closePriceNorm_lag_8', 'closePriceNorm_lag_10', 'closePriceNorm_lag_7', 'closePriceNorm_lag_3', 'closePriceNorm_lag_1', 'closePriceNorm_lag_9', 'closePriceNorm_lag_2', 'closePriceNorm_lag_4', 'closePriceNorm_lag_5', 'closePriceNorm_lag_6']",0.8918703187506538,1e-06,-0.000155,-0.000403,0.006094,0.00628,0.006315,49373945556.06423,51688791858.35516,49165322121.041336,0.07,19260817.0,-1.0
25.0,3.0,0.7,0.4,0.0001,0.0001,"['log_ret_lag_1', 'log_ret_lag_3', 'ret_lag_3', 'ret_lag_1', 'log_ret_lag_6', 'ret_lag_5', 'ret_lag_2', 'log_ret_lag_2', 'ret_lag_6', 'ret_lag_4', 'log_ret_lag_4', 'log_ret_lag_5', 'closePriceNorm_lag_8', 'closePriceNorm_lag_10', 'closePriceNorm_lag_7', 'closePriceNorm_lag_3', 'closePriceNorm_lag_1', 'closePriceNorm_lag_9', 'closePriceNorm_lag_2', 'closePriceNorm_lag_4', 'closePriceNorm_lag_5', 'closePriceNorm_lag_6']",0.8918703187506538,9.1e-05,-0.000106,-0.000374,0.006094,0.00628,0.006315,49429944234.15332,51616603933.988396,48671439201.48525,0.08,19260817.0,-1.0
25.0,3.0,0.7,0.4,0.01,0.0001,"['log_ret_lag_1', 'log_ret_lag_3', 'ret_lag_3', 'ret_lag_1', 'log_ret_lag_6', 'ret_lag_5', 'ret_lag_2', 'log_ret_lag_2', 'ret_lag_6', 'ret_lag_4', 'log_ret_lag_4', 'log_ret_lag_5', 'closePriceNorm_lag_8', 'closePriceNorm_lag_10', 'closePriceNorm_lag_7', 'closePriceNorm_lag_3', 'closePriceNorm_lag_1', 'closePriceNorm_lag_9', 'closePriceNorm_lag_2', 'closePriceNorm_lag_4', 'closePriceNorm_lag_5', 'closePriceNorm_lag_6']",0.8918703187506538,0.007857,0.00435,0.000916,0.00607,0.006266,0.006311,56701092820.66132,47804787012.836105,40176449464.025154,0.08,19260817.0,-1.0
25.0,3.0,0.7,0.4,0.1,0.0001,['log_ret_lag_1'],0.053390619345354585,0.007854,0.002348,-0.006787,0.00607,0.006272,0.006335,48224791112.73512,49802561816.86668,51075570112.3536,0.06,19260817.0,-1.0
25.0,3.0,0.7,0.4,0.1,0.0001,"['log_ret_lag_1', 'log_ret_lag_3']",0.10557933615265645,0.010877,0.002355,-0.006391,0.006061,0.006272,0.006334,57235076812.50994,64047900232.35441,58287612073.20664,0.07,19260817.0,-1.0
25.0,3.0,0.7,0.4,0.1,0.0001,"['log_ret_lag_1', 'log_ret_lag_3', 'ret_lag_3']",0.15658960427125648,0.010743,0.003623,-0.007045,0.006061,0.006268,0.006336,56557058399.9016,64190495919.21836,57826981006.949265,0.06,19260817.0,-1.0
25.0,3.0,0.7,0.4,0.1,0.0001,"['log_ret_lag_1', 'log_ret_lag_3', 'ret_lag_3', 'ret_lag_1']",0.20696258489536648,0.018323,0.004177,-0.007663,0.006038,0.006266,0.006338,57694567317.71536,73242500599.40872,61143520316.66159,0.07,19260817.0,-1.0
25.0,3.0,0.7,0.4,0.1,0.0001,"['log_ret_lag_1', 'log_ret_lag_3', 'ret_lag_3', 'ret_lag_1', 'log_ret_lag_6']",0.2557425261341888,0.019957,0.004367,-0.012356,0.006033,0.006266,0.006352,58253679992.23716,67846844399.5852,58674824700.98784,0.06,19260817.0,-1.0
25.0,3.0,0.7,0.4,0.1,0.0001,"['log_ret_lag_1', 'log_ret_lag_3', 'ret_lag_3', 'ret_lag_1', 'log_ret_lag_6', 'ret_lag_5']",0.30284719977706,0.022543,0.009943,-0.007104,0.006025,0.006248,0.006336,52980054852.64488,61155360915.401535,54138813368.169174,0.1,19260817.0,-1.0
25.0,3.0,0.7,0.4,0.1,0.0001,"['log_ret_lag_1', 'log_ret_lag_3', 'ret_lag_3', 'ret_lag_1', 'log_ret_lag_6', 'ret_lag_5', 'ret_lag_2']",0.3489791576778146,0.025381,0.004207,-0.005899,0.006016,0.006266,0.006332,57130022461.83103,65063022797.18275,61156815488.091835,0.09,19260817.0,-1.0
25.0,3.0,0.7,0.4,0.1,0.0001,"['log_ret_lag_1', 'log_ret_lag_3', 'ret_lag_3', 'ret_lag_1', 'log_ret_lag_6', 'ret_lag_5', 'ret_lag_2', 'log_ret_lag_2']",0.3948758501507318,0.025087,0.005894,-0.005742,0.006017,0.006261,0.006332,55960295237.29216,66855600967.95903,58269769958.619774,0.1,19260817.0,-1.0
25.0,3.0,0.7,0.4,0.1,0.0001,"['log_ret_lag_1', 'log_ret_lag_3', 'ret_lag_3', 'ret_lag_1', 'log_ret_lag_6', 'ret_lag_5', 'ret_lag_2', 'log_ret_lag_2', 'ret_lag_6']",0.4399517902714915,0.026242,0.005457,-0.007059,0.006013,0.006262,0.006336,56978281060.83853,65191998148.37749,61400202743.65703,0.08,19260817.0,-1.0
25.0,3.0,0.7,0.4,0.1,0.0001,"['log_ret_lag_1', 'log_ret_lag_3', 'ret_lag_3', 'ret_lag_1', 'log_ret_lag_6', 'ret_lag_5', 'ret_lag_2', 'log_ret_lag_2', 'ret_lag_6', 'ret_lag_4']",0.4844042152738133,0.026502,0.004865,-0.002593,0.006013,0.006264,0.006322,57411177201.83789,65470993696.61121,57245578015.602554,0.05,19260817.0,-1.0
25.0,3.0,0.7,0.4,0.1,0.0001,"['log_ret_lag_1', 'log_ret_lag_3', 'ret_lag_3', 'ret_lag_1', 'log_ret_lag_6', 'ret_lag_5', 'ret_lag_2', 'log_ret_lag_2', 'ret_lag_6', 'ret_lag_4', 'log_ret_lag_4']",0.5285217418899613,0.027382,0.002118,-0.006878,0.00601,0.006273,0.006335,64611819472.27366,70310759496.28658,68293224340.6591,0.07,19260817.0,-1.0
25.0,3.0,0.7,0.4,0.1,0.0001,"['log_ret_lag_1', 'log_ret_lag_3', 'ret_lag_3', 'ret_lag_1', 'log_ret_lag_6', 'ret_lag_5', 'ret_lag_2', 'log_ret_lag_2', 'ret_lag_6', 'ret_lag_4', 'log_ret_lag_4', 'log_ret_lag_5']",0.5709687321519586,0.025702,0.003592,-0.002576,0.006015,0.006268,0.006322,60335031887.20278,64775736846.74663,59769423657.291885,0.06,19260817.0,-1.0
25.0,3.0,0.7,0.4,0.1,0.0001,"['log_ret_lag_1', 'log_ret_lag_3', 'ret_lag_3', 'ret_lag_1', 'log_ret_lag_6', 'ret_lag_5', 'ret_lag_2', 'log_ret_lag_2', 'ret_lag_6', 'ret_lag_4', 'log_ret_lag_4', 'log_ret_lag_5', 'closePriceNorm_lag_8']",0.609051065815995,0.032269,0.010124,-0.006407,0.005995,0.006248,0.006334,75707004640.49268,64693363541.73305,82842502101.90675,0.08,19260817.0,-1.0
25.0,3.0,0.7,0.4,0.1,0.0001,"['log_ret_lag_1', 'log_ret_lag_3', 'ret_lag_3', 'ret_lag_1', 'log_ret_lag_6', 'ret_lag_5', 'ret_lag_2', 'log_ret_lag_2', 'ret_lag_6', 'ret_lag_4', 'log_ret_lag_4', 'log_ret_lag_5', 'closePriceNorm_lag_8', 'closePriceNorm_lag_10']",0.6462985471629211,0.038776,0.011933,-0.014811,0.005975,0.006242,0.00636,86506710243.37314,41472707223.74617,121393647063.36256,0.07,19260817.0,-1.0
25.0,3.0,0.7,0.4,0.1,0.0001,"['log_ret_lag_1', 'log_ret_lag_3', 'ret_lag_3', 'ret_lag_1', 'log_ret_lag_6', 'ret_lag_5', 'ret_lag_2', 'log_ret_lag_2', 'ret_lag_6', 'ret_lag_4', 'log_ret_lag_4', 'log_ret_lag_5', 'closePriceNorm_lag_8', 'closePriceNorm_lag_10', 'closePriceNorm_lag_7']",0.683340869615461,0.038932,0.013029,-0.012738,0.005974,0.006238,0.006354,89880589706.09067,58603451853.19615,114155906332.00761,0.07,19260817.0,-1.0
25.0,3.0,0.7,0.4,0.1,0.0001,"['log_ret_lag_1', 'log_ret_lag_3', 'ret_lag_3', 'ret_lag_1', 'log_ret_lag_6', 'ret_lag_5', 'ret_lag_2', 'log_ret_lag_2', 'ret_lag_6', 'ret_lag_4', 'log_ret_lag_4', 'log_ret_lag_5', 'closePriceNorm_lag_8', 'closePriceNorm_lag_10', 'closePriceNorm_lag_7', 'closePriceNorm_lag_3']",0.7180701130079044,0.039147,0.013009,-0.012652,0.005973,0.006239,0.006353,84411429232.24042,59516690261.907814,126621783940.15575,0.08,19260817.0,-1.0
25.0,3.0,0.7,0.4,0.1,0.0001,"['log_ret_lag_1', 'log_ret_lag_3', 'ret_lag_3', 'ret_lag_1', 'log_ret_lag_6', 'ret_lag_5', 'ret_lag_2', 'log_ret_lag_2', 'ret_lag_6', 'ret_lag_4', 'log_ret_lag_4', 'log_ret_lag_5', 'closePriceNorm_lag_8', 'closePriceNorm_lag_10', 'closePriceNorm_lag_7', 'closePriceNorm_lag_3', 'closePriceNorm_lag_1']",0.7520247171160381,0.04005,0.015363,-0.015605,0.005971,0.006231,0.006363,93984262317.10484,64317142755.11508,137381651338.13057,0.07,19260817.0,-1.0
25.0,3.0,0.7,0.4,0.1,0.0001,"['log_ret_lag_1', 'log_ret_lag_3', 'ret_lag_3', 'ret_lag_1', 'log_ret_lag_6', 'ret_lag_5', 'ret_lag_2', 'log_ret_lag_2', 'ret_lag_6', 'ret_lag_4', 'log_ret_lag_4', 'log_ret_lag_5', 'closePriceNorm_lag_8', 'closePriceNorm_lag_10', 'closePriceNorm_lag_7', 'closePriceNorm_lag_3', 'closePriceNorm_lag_1', 'closePriceNorm_lag_9']",0.7849150267047641,0.041263,0.012882,-0.012589,0.005967,0.006239,0.006353,84188263568.03294,48832834865.52869,121411034888.64189,0.07,19260817.0,-1.0
25.0,3.0,0.7,0.4,0.1,0.0001,"['log_ret_lag_1', 'log_ret_lag_3', 'ret_lag_3', 'ret_lag_1', 'log_ret_lag_6', 'ret_lag_5', 'ret_lag_2', 'log_ret_lag_2', 'ret_lag_6', 'ret_lag_4', 'log_ret_lag_4', 'log_ret_lag_5', 'closePriceNorm_lag_8', 'closePriceNorm_lag_10', 'closePriceNorm_lag_7', 'closePriceNorm_lag_3', 'closePriceNorm_lag_1', 'closePriceNorm_lag_9', 'closePriceNorm_lag_2']",0.8130408505823743,0.0404,0.018207,-0.017002,0.00597,0.006222,0.006367,91088390568.47691,57224454265.31201,143408454255.32504,0.12,19260817.0,-1.0
25.0,3.0,0.7,0.4,0.1,0.0001,"['log_ret_lag_1', 'log_ret_lag_3', 'ret_lag_3', 'ret_lag_1', 'log_ret_lag_6', 'ret_lag_5', 'ret_lag_2', 'log_ret_lag_2', 'ret_lag_6', 'ret_lag_4', 'log_ret_lag_4', 'log_ret_lag_5', 'closePriceNorm_lag_8', 'closePriceNorm_lag_10', 'closePriceNorm_lag_7', 'closePriceNorm_lag_3', 'closePriceNorm_lag_1', 'closePriceNorm_lag_9', 'closePriceNorm_lag_2', 'closePriceNorm_lag_4']",0.8409784893698519,0.03957,0.018189,-0.01502,0.005972,0.006222,0.006361,87108110836.33055,47980419384.88533,142631103792.2073,0.08,19260817.0,-1.0
25.0,3.0,0.7,0.4,0.1,0.0001,"['log_ret_lag_1', 'log_ret_lag_3', 'ret_lag_3', 'ret_lag_1', 'log_ret_lag_6', 'ret_lag_5', 'ret_lag_2', 'log_ret_lag_2', 'ret_lag_6', 'ret_lag_4', 'log_ret_lag_4', 'log_ret_lag_5', 'closePriceNorm_lag_8', 'closePriceNorm_lag_10', 'closePriceNorm_lag_7', 'closePriceNorm_lag_3', 'closePriceNorm_lag_1', 'closePriceNorm_lag_9', 'closePriceNorm_lag_2', 'closePriceNorm_lag_4', 'closePriceNorm_lag_5']",0.8681730772477252,0.040968,0.014421,-0.015351,0.005968,0.006234,0.006362,82681241221.06606,54171480133.644325,134926687027.88399,0.08,19260817.0,-1.0
25.0,3.0,0.7,0.4,0.1,0.0001,"['log_ret_lag_1', 'log_ret_lag_3', 'ret_lag_3', 'ret_lag_1', 'log_ret_lag_6', 'ret_lag_5', 'ret_lag_2', 'log_ret_lag_2', 'ret_lag_6', 'ret_lag_4', 'log_ret_lag_4', 'log_ret_lag_5', 'closePriceNorm_lag_8', 'closePriceNorm_lag_10', 'closePriceNorm_lag_7', 'closePriceNorm_lag_3', 'closePriceNorm_lag_1', 'closePriceNorm_lag_9', 'closePriceNorm_lag_2', 'closePriceNorm_lag_4', 'closePriceNorm_lag_5', 'closePriceNorm_lag_6', 'closePrice_lag_10']",0.9047836864038928,0.041618,0.016006,-0.018231,0.005966,0.006229,0.006371,85655475610.11339,64229922450.897675,150356653688.08316,0.08,19260817.0,-1.0
25.0,3.0,0.7,0.4,0.1,0.0001,"['log_ret_lag_1', 'log_ret_lag_3', 'ret_lag_3', 'ret_lag_1', 'log_ret_lag_6', 'ret_lag_5', 'ret_lag_2', 'log_ret_lag_2', 'ret_lag_6', 'ret_lag_4', 'log_ret_lag_4', 'log_ret_lag_5', 'closePriceNorm_lag_8', 'closePriceNorm_lag_10', 'closePriceNorm_lag_7', 'closePriceNorm_lag_3', 'closePriceNorm_lag_1', 'closePriceNorm_lag_9', 'closePriceNorm_lag_2', 'closePriceNorm_lag_4', 'closePriceNorm_lag_5', 'closePriceNorm_lag_6', 'closePrice_lag_10', 'closePrice_lag_9']",0.9173032234953827,0.03974,0.016727,-0.013401,0.005972,0.006227,0.006356,90714033939.97643,53855280062.79551,129802720367.59969,0.08,19260817.0,-1.0
25.0,3.0,0.7,0.4,0.1,0.0001,"['log_ret_lag_1', 'log_ret_lag_3', 'ret_lag_3', 'ret_lag_1', 'log_ret_lag_6', 'ret_lag_5', 'ret_lag_2', 'log_ret_lag_2', 'ret_lag_6', 'ret_lag_4', 'log_ret_lag_4', 'log_ret_lag_5', 'closePriceNorm_lag_8', 'closePriceNorm_lag_10', 'closePriceNorm_lag_7', 'closePriceNorm_lag_3', 'closePriceNorm_lag_1', 'closePriceNorm_lag_9', 'closePriceNorm_lag_2', 'closePriceNorm_lag_4', 'closePriceNorm_lag_5', 'closePriceNorm_lag_6', 'closePrice_lag_10', 'closePrice_lag_9', 'closePrice_lag_2']",0.9291293698833701,0.041555,0.016981,-0.015769,0.005966,0.006226,0.006363,89113642765.66188,49891367253.126076,143085858682.98883,0.07,19260817.0,-1.0
25.0,3.0,0.7,0.4,0.1,0.0001,"['log_ret_lag_1', 'log_ret_lag_3', 'ret_lag_3', 'ret_lag_1', 'log_ret_lag_6', 'ret_lag_5', 'ret_lag_2', 'log_ret_lag_2', 'ret_lag_6', 'ret_lag_4', 'log_ret_lag_4', 'log_ret_lag_5', 'closePriceNorm_lag_8', 'closePriceNorm_lag_10', 'closePriceNorm_lag_7', 'closePriceNorm_lag_3', 'closePriceNorm_lag_1', 'closePriceNorm_lag_9', 'closePriceNorm_lag_2', 'closePriceNorm_lag_4', 'closePriceNorm_lag_5', 'closePriceNorm_lag_6', 'closePrice_lag_10', 'closePrice_lag_9', 'closePrice_lag_2', 'closePrice_lag_1']",0.9405466277792666,0.04079,0.016928,-0.017752,0.005968,0.006226,0.006369,85172701154.46494,57403740223.68304,137433848952.39525,0.08,19260817.0,-1.0
25.0,3.0,0.7,0.4,0.1,0.0001,"['log_ret_lag_1', 'log_ret_lag_3', 'ret_lag_3', 'ret_lag_1', 'log_ret_lag_6', 'ret_lag_5', 'ret_lag_2', 'log_ret_lag_2', 'ret_lag_6', 'ret_lag_4', 'log_ret_lag_4', 'log_ret_lag_5', 'closePriceNorm_lag_8', 'closePriceNorm_lag_10', 'closePriceNorm_lag_7', 'closePriceNorm_lag_3', 'closePriceNorm_lag_1', 'closePriceNorm_lag_9', 'closePriceNorm_lag_2', 'closePriceNorm_lag_4', 'closePriceNorm_lag_5', 'closePriceNorm_lag_6', 'closePrice_lag_10', 'closePrice_lag_9', 'closePrice_lag_2', 'closePrice_lag_1', 'closePrice_lag_7']",0.9510640512135677,0.042018,0.013,-0.015485,0.005965,0.006239,0.006362,86146375293.10007,48982339045.2857,135641183188.07349,0.07,19260817.0,-1.0
25.0,3.0,0.7,0.4,0.1,0.0001,"['log_ret_lag_1', 'log_ret_lag_3', 'ret_lag_3', 'ret_lag_1', 'log_ret_lag_6', 'ret_lag_5', 'ret_lag_2', 'log_ret_lag_2', 'ret_lag_6', 'ret_lag_4', 'log_ret_lag_4', 'log_ret_lag_5', 'closePriceNorm_lag_8', 'closePriceNorm_lag_10', 'closePriceNorm_lag_7', 'closePriceNorm_lag_3', 'closePriceNorm_lag_1', 'closePriceNorm_lag_9', 'closePriceNorm_lag_2', 'closePriceNorm_lag_4', 'closePriceNorm_lag_5', 'closePriceNorm_lag_6', 'closePrice_lag_10', 'closePrice_lag_9', 'closePrice_lag_2', 'closePrice_lag_1', 'closePrice_lag_7', 'closePrice_lag_8']",0.9615207456582039,0.043862,0.0156,-0.021561,0.005959,0.00623,0.006381,86883776324.90758,53847148207.86539,147247852140.4383,0.12,19260817.0,-1.0
25.0,3.0,0.7,0.4,0.1,0.0001,"['log_ret_lag_1', 'log_ret_lag_3', 'ret_lag_3', 'ret_lag_1', 'log_ret_lag_6', 'ret_lag_5', 'ret_lag_2', 'log_ret_lag_2', 'ret_lag_6', 'ret_lag_4', 'log_ret_lag_4', 'log_ret_lag_5', 'closePriceNorm_lag_8', 'closePriceNorm_lag_10', 'closePriceNorm_lag_7', 'closePriceNorm_lag_3', 'closePriceNorm_lag_1', 'closePriceNorm_lag_9', 'closePriceNorm_lag_2', 'closePriceNorm_lag_4', 'closePriceNorm_lag_5', 'closePriceNorm_lag_6', 'closePrice_lag_10', 'closePrice_lag_9', 'closePrice_lag_2', 'closePrice_lag_1', 'closePrice_lag_7', 'closePrice_lag_8', 'closePrice_lag_4']",0.9715492715491866,0.043041,0.013937,-0.014162,0.005961,0.006236,0.006358,88749982139.99373,43987550797.029884,128007767769.12732,0.11,19260817.0,-1.0
25.0,3.0,0.7,0.4,0.1,0.0001,"['log_ret_lag_1', 'log_ret_lag_3', 'ret_lag_3', 'ret_lag_1', 'log_ret_lag_6', 'ret_lag_5', 'ret_lag_2', 'log_ret_lag_2', 'ret_lag_6', 'ret_lag_4', 'log_ret_lag_4', 'log_ret_lag_5', 'closePriceNorm_lag_8', 'closePriceNorm_lag_10', 'closePriceNorm_lag_7', 'closePriceNorm_lag_3', 'closePriceNorm_lag_1', 'closePriceNorm_lag_9', 'closePriceNorm_lag_2', 'closePriceNorm_lag_4', 'closePriceNorm_lag_5', 'closePriceNorm_lag_6', 'closePrice_lag_10', 'closePrice_lag_9', 'closePrice_lag_2', 'closePrice_lag_1', 'closePrice_lag_7', 'closePrice_lag_8', 'closePrice_lag_4', 'closePrice_lag_6']",0.9814316152251588,0.040413,0.015784,-0.01656,0.00597,0.00623,0.006366,90544261002.81023,50564969554.85726,138749056177.56827,0.11,19260817.0,-1.0
25.0,3.0,0.7,0.4,0.1,0.0001,"['log_ret_lag_1', 'log_ret_lag_3', 'ret_lag_3', 'ret_lag_1', 'log_ret_lag_6', 'ret_lag_5', 'ret_lag_2', 'log_ret_lag_2', 'ret_lag_6', 'ret_lag_4', 'log_ret_lag_4', 'log_ret_lag_5', 'closePriceNorm_lag_8', 'closePriceNorm_lag_10', 'closePriceNorm_lag_7', 'closePriceNorm_lag_3', 'closePriceNorm_lag_1', 'closePriceNorm_lag_9', 'closePriceNorm_lag_2', 'closePriceNorm_lag_4', 'closePriceNorm_lag_5', 'closePriceNorm_lag_6', 'closePrice_lag_10', 'closePrice_lag_9', 'closePrice_lag_2', 'closePrice_lag_1', 'closePrice_lag_7', 'closePrice_lag_8', 'closePrice_lag_4', 'closePrice_lag_6', 'closePrice_lag_5']",0.990823795479311,0.042066,0.01271,-0.013888,0.005964,0.006239,0.006357,83055957460.49251,44862493184.36388,130839275109.7617,0.13,19260817.0,-1.0
25.0,3.0,0.7,0.4,0.1,0.0001,"['log_ret_lag_1', 'log_ret_lag_3', 'ret_lag_3', 'ret_lag_1', 'log_ret_lag_6', 'ret_lag_5', 'ret_lag_2', 'log_ret_lag_2', 'ret_lag_6', 'ret_lag_4', 'log_ret_lag_4', 'log_ret_lag_5', 'closePriceNorm_lag_8', 'closePriceNorm_lag_10', 'closePriceNorm_lag_7', 'closePriceNorm_lag_3', 'closePriceNorm_lag_1', 'closePriceNorm_lag_9', 'closePriceNorm_lag_2', 'closePriceNorm_lag_4', 'closePriceNorm_lag_5', 'closePriceNorm_lag_6', 'closePrice_lag_10', 'closePrice_lag_9', 'closePrice_lag_2', 'closePrice_lag_1', 'closePrice_lag_7', 'closePrice_lag_8', 'closePrice_lag_4', 'closePrice_lag_6', 'closePrice_lag_5', 'closePrice_lag_3']",1.0000000000000002,0.042103,0.012276,-0.012642,0.005964,0.006241,0.006353,85099338151.56082,53096044378.96302,146566255867.9372,0.11,19260817.0,-1.0
25.0,6.0,0.7,0.4,0.1,0.0001,"['log_ret_lag_1', 'log_ret_lag_3', 'ret_lag_3', 'ret_lag_1', 'log_ret_lag_6', 'ret_lag_5', 'ret_lag_2', 'log_ret_lag_2', 'ret_lag_6', 'ret_lag_4', 'log_ret_lag_4', 'log_ret_lag_5', 'closePriceNorm_lag_8', 'closePriceNorm_lag_10', 'closePriceNorm_lag_7', 'closePriceNorm_lag_3', 'closePriceNorm_lag_1', 'closePriceNorm_lag_9', 'closePriceNorm_lag_2']",0.8130408505823743,0.121537,0.006418,-0.024074,0.005712,0.006259,0.006389,92043528481.14029,68419891831.80112,146850249967.92694,0.26,19260817.0,-1.0
25.0,12.0,0.7,0.4,0.1,0.0001,"['log_ret_lag_1', 'log_ret_lag_3', 'ret_lag_3', 'ret_lag_1', 'log_ret_lag_6', 'ret_lag_5', 'ret_lag_2', 'log_ret_lag_2', 'ret_lag_6', 'ret_lag_4', 'log_ret_lag_4', 'log_ret_lag_5', 'closePriceNorm_lag_8', 'closePriceNorm_lag_10', 'closePriceNorm_lag_7', 'closePriceNorm_lag_3', 'closePriceNorm_lag_1', 'closePriceNorm_lag_9', 'closePriceNorm_lag_2']",0.8130408505823743,0.150182,0.00959,-0.02975,0.005618,0.006249,0.006407,91186801214.53766,69816750994.77263,172048238879.56332,0.32,19260817.0,-1.0
25.0,24.0,0.7,0.4,0.1,0.0001,"['log_ret_lag_1', 'log_ret_lag_3', 'ret_lag_3', 'ret_lag_1', 'log_ret_lag_6', 'ret_lag_5', 'ret_lag_2', 'log_ret_lag_2', 'ret_lag_6', 'ret_lag_4', 'log_ret_lag_4', 'log_ret_lag_5', 'closePriceNorm_lag_8', 'closePriceNorm_lag_10', 'closePriceNorm_lag_7', 'closePriceNorm_lag_3', 'closePriceNorm_lag_1', 'closePriceNorm_lag_9', 'closePriceNorm_lag_2']",0.8130408505823743,0.151164,0.007448,-0.028997,0.005614,0.006256,0.006404,93238464089.53836,70422297421.40527,164663753405.44067,0.25,19260817.0,-1.0
25.0,48.0,0.7,0.4,0.1,0.0001,"['log_ret_lag_1', 'log_ret_lag_3', 'ret_lag_3', 'ret_lag_1', 'log_ret_lag_6', 'ret_lag_5', 'ret_lag_2', 'log_ret_lag_2', 'ret_lag_6', 'ret_lag_4', 'log_ret_lag_4', 'log_ret_lag_5', 'closePriceNorm_lag_8', 'closePriceNorm_lag_10', 'closePriceNorm_lag_7', 'closePriceNorm_lag_3', 'closePriceNorm_lag_1', 'closePriceNorm_lag_9', 'closePriceNorm_lag_2']",0.8130408505823743,0.151164,0.007448,-0.028997,0.005614,0.006256,0.006404,93238464089.53836,70422297421.40527,164663753405.44067,0.28,19260817.0,-1.0
25.0,96.0,0.7,0.4,0.1,0.0001,"['log_ret_lag_1', 'log_ret_lag_3', 'ret_lag_3', 'ret_lag_1', 'log_ret_lag_6', 'ret_lag_5', 'ret_lag_2', 'log_ret_lag_2', 'ret_lag_6', 'ret_lag_4', 'log_ret_lag_4', 'log_ret_lag_5', 'closePriceNorm_lag_8', 'closePriceNorm_lag_10', 'closePriceNorm_lag_7', 'closePriceNorm_lag_3', 'closePriceNorm_lag_1', 'closePriceNorm_lag_9', 'closePriceNorm_lag_2']",0.8130408505823743,0.151164,0.007448,-0.028997,0.005614,0.006256,0.006404,93238464089.53836,70422297421.40527,164663753405.44067,0.31,19260817.0,-1.0
25.0,192.0,0.7,0.4,0.1,0.0001,"['log_ret_lag_1', 'log_ret_lag_3', 'ret_lag_3', 'ret_lag_1', 'log_ret_lag_6', 'ret_lag_5', 'ret_lag_2', 'log_ret_lag_2', 'ret_lag_6', 'ret_lag_4', 'log_ret_lag_4', 'log_ret_lag_5', 'closePriceNorm_lag_8', 'closePriceNorm_lag_10', 'closePriceNorm_lag_7', 'closePriceNorm_lag_3', 'closePriceNorm_lag_1', 'closePriceNorm_lag_9', 'closePriceNorm_lag_2']",0.8130408505823743,0.151164,0.007448,-0.028997,0.005614,0.006256,0.006404,93238464089.53836,70422297421.40527,164663753405.44067,0.67,19260817.0,-1.0
25.0,3.0,0.7,0.55,0.1,0.0001,"['log_ret_lag_1', 'log_ret_lag_3', 'ret_lag_3', 'ret_lag_1', 'log_ret_lag_6', 'ret_lag_5', 'ret_lag_2', 'log_ret_lag_2', 'ret_lag_6', 'ret_lag_4', 'log_ret_lag_4', 'log_ret_lag_5', 'closePriceNorm_lag_8', 'closePriceNorm_lag_10', 'closePriceNorm_lag_7', 'closePriceNorm_lag_3', 'closePriceNorm_lag_1', 'closePriceNorm_lag_9', 'closePriceNorm_lag_2']",0.8130408505823743,0.042137,0.01497,-0.016398,0.005964,0.006232,0.006365,89448183329.3915,51916385063.86265,136404675619.14842,0.11,19260817.0,-1.0
25.0,3.0,0.7,0.7,0.1,0.0001,"['log_ret_lag_1', 'log_ret_lag_3', 'ret_lag_3', 'ret_lag_1', 'log_ret_lag_6', 'ret_lag_5', 'ret_lag_2', 'log_ret_lag_2', 'ret_lag_6', 'ret_lag_4', 'log_ret_lag_4', 'log_ret_lag_5', 'closePriceNorm_lag_8', 'closePriceNorm_lag_10', 'closePriceNorm_lag_7', 'closePriceNorm_lag_3', 'closePriceNorm_lag_1', 'closePriceNorm_lag_9', 'closePriceNorm_lag_2']",0.8130408505823743,0.04261,0.014723,-0.01453,0.005963,0.006233,0.006359,86667348855.31525,50217785459.92049,144215063227.55325,0.1,19260817.0,-1.0
25.0,3.0,0.7,0.85,0.1,0.0001,"['log_ret_lag_1', 'log_ret_lag_3', 'ret_lag_3', 'ret_lag_1', 'log_ret_lag_6', 'ret_lag_5', 'ret_lag_2', 'log_ret_lag_2', 'ret_lag_6', 'ret_lag_4', 'log_ret_lag_4', 'log_ret_lag_5', 'closePriceNorm_lag_8', 'closePriceNorm_lag_10', 'closePriceNorm_lag_7', 'closePriceNorm_lag_3', 'closePriceNorm_lag_1', 'closePriceNorm_lag_9', 'closePriceNorm_lag_2']",0.8130408505823743,0.044512,0.014664,-0.013795,0.005957,0.006233,0.006357,88458720390.2974,51514790310.69012,133883495205.8781,0.08,19260817.0,-1.0
25.0,3.0,0.4,0.4,0.1,0.0001,"['log_ret_lag_1', 'log_ret_lag_3', 'ret_lag_3', 'ret_lag_1', 'log_ret_lag_6', 'ret_lag_5', 'ret_lag_2', 'log_ret_lag_2', 'ret_lag_6', 'ret_lag_4', 'log_ret_lag_4', 'log_ret_lag_5', 'closePriceNorm_lag_8', 'closePriceNorm_lag_10', 'closePriceNorm_lag_7', 'closePriceNorm_lag_3', 'closePriceNorm_lag_1', 'closePriceNorm_lag_9', 'closePriceNorm_lag_2']",0.8130408505823743,0.0404,0.018207,-0.017002,0.00597,0.006222,0.006367,91088390568.47691,57224454265.31201,143408454255.32504,0.11,19260817.0,-1.0
25.0,3.0,0.55,0.4,0.1,0.0001,"['log_ret_lag_1', 'log_ret_lag_3', 'ret_lag_3', 'ret_lag_1', 'log_ret_lag_6', 'ret_lag_5', 'ret_lag_2', 'log_ret_lag_2', 'ret_lag_6', 'ret_lag_4', 'log_ret_lag_4', 'log_ret_lag_5', 'closePriceNorm_lag_8', 'closePriceNorm_lag_10', 'closePriceNorm_lag_7', 'closePriceNorm_lag_3', 'closePriceNorm_lag_1', 'closePriceNorm_lag_9', 'closePriceNorm_lag_2']",0.8130408505823743,0.0404,0.018207,-0.017002,0.00597,0.006222,0.006367,91088390568.47691,57224454265.31201,143408454255.32504,0.08,19260817.0,-1.0
25.0,3.0,0.85,0.4,0.1,0.0001,"['log_ret_lag_1', 'log_ret_lag_3', 'ret_lag_3', 'ret_lag_1', 'log_ret_lag_6', 'ret_lag_5', 'ret_lag_2', 'log_ret_lag_2', 'ret_lag_6', 'ret_lag_4', 'log_ret_lag_4', 'log_ret_lag_5', 'closePriceNorm_lag_8', 'closePriceNorm_lag_10', 'closePriceNorm_lag_7', 'closePriceNorm_lag_3', 'closePriceNorm_lag_1', 'closePriceNorm_lag_9', 'closePriceNorm_lag_2']",0.8130408505823743,0.0404,0.018207,-0.017002,0.00597,0.006222,0.006367,91088390568.47691,57224454265.31201,143408454255.32504,0.07,19260817.0,-1.0
50.0,3.0,0.7,0.4,0.1,0.0001,"['log_ret_lag_1', 'log_ret_lag_3', 'ret_lag_3', 'ret_lag_1', 'log_ret_lag_6', 'ret_lag_5', 'ret_lag_2', 'log_ret_lag_2', 'ret_lag_6', 'ret_lag_4', 'log_ret_lag_4', 'log_ret_lag_5', 'closePriceNorm_lag_8', 'closePriceNorm_lag_10', 'closePriceNorm_lag_7', 'closePriceNorm_lag_3', 'closePriceNorm_lag_1', 'closePriceNorm_lag_9', 'closePriceNorm_lag_2']",0.8130408505823743,0.064861,0.016975,-0.028552,0.005893,0.006226,0.006403,92588570920.36777,65873184202.00829,168525676780.46866,0.17,19260817.0,-1.0
100.0,3.0,0.7,0.4,0.1,0.0001,"['log_ret_lag_1', 'log_ret_lag_3', 'ret_lag_3', 'ret_lag_1', 'log_ret_lag_6', 'ret_lag_5', 'ret_lag_2', 'log_ret_lag_2', 'ret_lag_6', 'ret_lag_4', 'log_ret_lag_4', 'log_ret_lag_5', 'closePriceNorm_lag_8', 'closePriceNorm_lag_10', 'closePriceNorm_lag_7', 'closePriceNorm_lag_3', 'closePriceNorm_lag_1', 'closePriceNorm_lag_9', 'closePriceNorm_lag_2']",0.8130408505823743,0.102236,0.006719,-0.044652,0.005774,0.006258,0.006453,100458991889.65549,88070980194.53987,179987544896.26956,0.57,19260817.0,-1.0
200.0,3.0,0.7,0.4,0.1,0.0001,"['log_ret_lag_1', 'log_ret_lag_3', 'ret_lag_3', 'ret_lag_1', 'log_ret_lag_6', 'ret_lag_5', 'ret_lag_2', 'log_ret_lag_2', 'ret_lag_6', 'ret_lag_4', 'log_ret_lag_4', 'log_ret_lag_5', 'closePriceNorm_lag_8', 'closePriceNorm_lag_10', 'closePriceNorm_lag_7', 'closePriceNorm_lag_3', 'closePriceNorm_lag_1', 'closePriceNorm_lag_9', 'closePriceNorm_lag_2']",0.8130408505823743,0.166811,-0.002694,-0.066703,0.005562,0.006288,0.006521,110926413502.19452,116069973089.24355,201280089896.30005,0.76,19260817.0,-1.0
400.0,3.0,0.7,0.4,0.1,0.0001,"['log_ret_lag_1', 'log_ret_lag_3', 'ret_lag_3', 'ret_lag_1', 'log_ret_lag_6', 'ret_lag_5', 'ret_lag_2', 'log_ret_lag_2', 'ret_lag_6', 'ret_lag_4', 'log_ret_lag_4', 'log_ret_lag_5', 'closePriceNorm_lag_8', 'closePriceNorm_lag_10', 'closePriceNorm_lag_7', 'closePriceNorm_lag_3', 'closePriceNorm_lag_1', 'closePriceNorm_lag_9', 'closePriceNorm_lag_2']",0.8130408505823743,0.266256,-0.030226,-0.10004,0.00522,0.006374,0.006622,124959752317.21475,153688971127.01062,226839941537.8536,1.45,19260817.0,-1.0
25.0,3.0,0.7,0.4,0.1,0.001,"['log_ret_lag_1', 'log_ret_lag_3', 'ret_lag_3', 'ret_lag_1', 'log_ret_lag_6', 'ret_lag_5', 'ret_lag_2', 'log_ret_lag_2', 'ret_lag_6', 'ret_lag_4', 'log_ret_lag_4', 'log_ret_lag_5', 'closePriceNorm_lag_8', 'closePriceNorm_lag_10', 'closePriceNorm_lag_7', 'closePriceNorm_lag_3', 'closePriceNorm_lag_1', 'closePriceNorm_lag_9', 'closePriceNorm_lag_2']",0.8130408505823743,0.041067,0.016194,-0.016848,0.005967,0.006228,0.006367,87206508993.08813,58860607510.6283,129514526917.7367,0.08,19260817.0,-1.0
25.0,3.0,0.7,0.4,0.1,0.01,"['log_ret_lag_1', 'log_ret_lag_3', 'ret_lag_3', 'ret_lag_1', 'log_ret_lag_6', 'ret_lag_5', 'ret_lag_2', 'log_ret_lag_2', 'ret_lag_6', 'ret_lag_4', 'log_ret_lag_4', 'log_ret_lag_5', 'closePriceNorm_lag_8', 'closePriceNorm_lag_10', 'closePriceNorm_lag_7', 'closePriceNorm_lag_3', 'closePriceNorm_lag_1', 'closePriceNorm_lag_9', 'closePriceNorm_lag_2']",0.8130408505823743,0.039916,0.014415,-0.01362,0.005971,0.006234,0.006356,86761542783.59547,55798742335.08332,124346168481.08583,0.12,19260817.0,-1.0
25.0,3.0,0.7,0.4,0.1,0.1,"['log_ret_lag_1', 'log_ret_lag_3', 'ret_lag_3', 'ret_lag_1', 'log_ret_lag_6', 'ret_lag_5', 'ret_lag_2', 'log_ret_lag_2', 'ret_lag_6', 'ret_lag_4', 'log_ret_lag_4', 'log_ret_lag_5', 'closePriceNorm_lag_8', 'closePriceNorm_lag_10', 'closePriceNorm_lag_7', 'closePriceNorm_lag_3', 'closePriceNorm_lag_1', 'closePriceNorm_lag_9', 'closePriceNorm_lag_2']",0.8130408505823743,0.029401,0.011202,-0.020049,0.006004,0.006244,0.006377,90550879447.19797,69975999320.36028,190145936161.0478,0.08,19260817.0,-1.0
25.0,3.0,0.7,0.4,0.1,1.0,"['log_ret_lag_1', 'log_ret_lag_3', 'ret_lag_3', 'ret_lag_1', 'log_ret_lag_6', 'ret_lag_5', 'ret_lag_2', 'log_ret_lag_2', 'ret_lag_6', 'ret_lag_4', 'log_ret_lag_4', 'log_ret_lag_5', 'closePriceNorm_lag_8', 'closePriceNorm_lag_10', 'closePriceNorm_lag_7', 'closePriceNorm_lag_3', 'closePriceNorm_lag_1', 'closePriceNorm_lag_9', 'closePriceNorm_lag_2']",0.8130408505823743,0.004517,0.003491,-0.002242,0.00608,0.006269,0.006321,73899289118.23941,32819617299.56919,32989908399.721985,0.06,19260817.0,-1.0
25.0,3.0,0.7,0.4,0.1,10.0,"['log_ret_lag_1', 'log_ret_lag_3', 'ret_lag_3', 'ret_lag_1', 'log_ret_lag_6', 'ret_lag_5', 'ret_lag_2', 'log_ret_lag_2', 'ret_lag_6', 'ret_lag_4', 'log_ret_lag_4', 'log_ret_lag_5', 'closePriceNorm_lag_8', 'closePriceNorm_lag_10', 'closePriceNorm_lag_7', 'closePriceNorm_lag_3', 'closePriceNorm_lag_1', 'closePriceNorm_lag_9', 'closePriceNorm_lag_2']",0.8130408505823743,-0.0,-0.000155,-0.000403,0.006094,0.00628,0.006315,49373379401.94032,51689521913.89399,49170316149.40871,0.06,19260817.0,-1.0
25.0,3.0,0.7,0.4,1e-08,0.0001,"['log_ret_lag_1', 'log_ret_lag_3', 'ret_lag_3', 'ret_lag_1', 'log_ret_lag_6', 'ret_lag_5', 'ret_lag_2', 'log_ret_lag_2', 'ret_lag_6', 'ret_lag_4', 'log_ret_lag_4', 'log_ret_lag_5', 'closePriceNorm_lag_8', 'closePriceNorm_lag_10', 'closePriceNorm_lag_7', 'closePriceNorm_lag_3', 'closePriceNorm_lag_1', 'closePriceNorm_lag_9', 'closePriceNorm_lag_2']",0.8130408505823743,0.0,-0.000155,-0.000403,0.006094,0.00628,0.006315,49373385380.793304,51689511014.26607,49170270859.052635,0.51,19260817.0,-1.0
25.0,3.0,0.7,0.4,1e-06,0.0001,"['log_ret_lag_1', 'log_ret_lag_3', 'ret_lag_3', 'ret_lag_1', 'log_ret_lag_6', 'ret_lag_5', 'ret_lag_2', 'log_ret_lag_2', 'ret_lag_6', 'ret_lag_4', 'log_ret_lag_4', 'log_ret_lag_5', 'closePriceNorm_lag_8', 'closePriceNorm_lag_10', 'closePriceNorm_lag_7', 'closePriceNorm_lag_3', 'closePriceNorm_lag_1', 'closePriceNorm_lag_9', 'closePriceNorm_lag_2']",0.8130408505823743,1e-06,-0.000155,-0.000403,0.006094,0.00628,0.006315,49373977281.56463,51688431962.5433,49165787159.730896,0.1,19260817.0,-1.0
25.0,3.0,0.7,0.4,0.0001,0.0001,"['log_ret_lag_1', 'log_ret_lag_3', 'ret_lag_3', 'ret_lag_1', 'log_ret_lag_6', 'ret_lag_5', 'ret_lag_2', 'log_ret_lag_2', 'ret_lag_6', 'ret_lag_4', 'log_ret_lag_4', 'log_ret_lag_5', 'closePriceNorm_lag_8', 'closePriceNorm_lag_10', 'closePriceNorm_lag_7', 'closePriceNorm_lag_3', 'closePriceNorm_lag_1', 'closePriceNorm_lag_9', 'closePriceNorm_lag_2']",0.8130408505823743,9e-05,-0.000108,-0.000373,0.006094,0.00628,0.006315,49433111600.74864,51580642005.13292,48717876746.78887,0.09,19260817.0,-1.0
25.0,3.0,0.7,0.4,0.01,0.0001,"['log_ret_lag_1', 'log_ret_lag_3', 'ret_lag_3', 'ret_lag_1', 'log_ret_lag_6', 'ret_lag_5', 'ret_lag_2', 'log_ret_lag_2', 'ret_lag_6', 'ret_lag_4', 'log_ret_lag_4', 'log_ret_lag_5', 'closePriceNorm_lag_8', 'closePriceNorm_lag_10', 'closePriceNorm_lag_7', 'closePriceNorm_lag_3', 'closePriceNorm_lag_1', 'closePriceNorm_lag_9', 'closePriceNorm_lag_2']",0.8130408505823743,0.007662,0.00375,0.000988,0.006071,0.006268,0.00631,56877663077.15787,45897392041.43374,37377741819.29285,0.1,19260817.0,-1.0
